,model_type,model,direction,sweeps_market_variables,sweep_news_agg,sweep_buy_sell,before_data,sweep_grid,best_score,best_params,f1_microavg,precision_weighted,precision_below_TH,precision_above_TH,support_below_TH,support_above_TH,report,elapsed_time
0,clf,kn,max,basic,ALL_NO_1_1_1,0_60,included,basic,0.76,{'n_neighbors': 61},0.74,0.72,0.75,0.65,943.00,349.00,"{'0': {'precision': 0.7483766233766234, 'recall': 0.9777306468716861, 'f1-score': 0.847816091954023, 'support': 943}, '1': {'precision': 0.65, 'recall': 0.11174785100286533, 'f1-score': 0.19070904645476772, 'support': 349}, 'micro avg': {'precision': 0.7438080495356038, 'recall': 0.7438080495356038, 'f1-score': 0.7438080495356038, 'support': 1292}, 'macro avg': {'precision': 0.6991883116883117, 'recall': 0.5447392489372758, 'f1-score': 0.5192625692043953, 'support': 1292}, 'weighted avg': {'precision': 0.721802752201359, 'recall': 0.7438080495356038, 'f1-score': 0.6703158141837133, 'support': 1292}}",2.33
1,clf,svc-rbf,max,basic,ALL_NO_1_1_1,0_60,included,basic,0.75,"{'C': 1, 'gamma': 1}",0.73,0.53,0.73,0.00,943.00,349.00,"{'0': {'precision': 0.7298761609907121, 'recall': 1.0, 'f1-score': 0.8438478747203579, 'support': 943}, '1': {'precision': 0.0, 'recall': 0.0, 'f1-score': 0.0, 'support': 349}, 'micro avg': {'precision': 0.7298761609907121, 'recall': 0.7298761609907121, 'f1-score': 0.7298761609907122, 'support': 1292}, 'macro avg': {'precision': 0.36493808049535603, 'recall': 0.5, 'f1-score': 0.42192393736017897, 'support': 1292}, 'weighted avg': {'precision': 0.5327192103825398, 'recall': 0.7298761609907121, 'f1-score': 0.6159044472610662, 'support': 1292}}",5.79
2,clf,dtree,max,basic,ALL_NO_1_1_1,0_60,included,basic,0.76,"{'max_depth': 5, 'min_samples_leaf': 10}",0.75,0.72,0.76,0.62,943.00,349.00,"{'0': {'precision': 0.7596638655462185, 'recall': 0.95864262990456, 'f1-score': 0.8476324425691515, 'support': 943}, '1': {'precision': 0.6176470588235294, 'recall': 0.18051575931232092, 'f1-score': 0.27937915742793795, 'support': 349}, 'micro avg': {'precision': 0.7484520123839009, 'recall': 0.7484520123839009, 'f1-score': 0.7484520123839009, 'support': 1292}, 'macro avg': {'precision': 0.688655462184874, 'recall': 0.5695791946084404, 'f1-score': 0.5635057999985447, 'support': 1292}, 'weighted avg': {'precision': 0.7213017405104456, 'recall': 0.7484520123839009, 'f1-score': 0.6941336836571673, 'support': 1292}}",0.39
3,clf,rforest,max,basic,ALL_NO_1_1_1,0_60,included,basic,0.76,"{'max_depth': 7, 'min_samples_leaf': 10, 'n_estimators': 50}",0.75,0.75,0.75,0.75,943.00,349.00,"{'0': {'precision': 0.7538586515028433, 'recall': 0.9840933191940615, 'f1-score': 0.8537258509659613, 'support': 943}, '1': {'precision': 0.7540983606557377, 'recall': 0.1318051575931232, 'f1-score': 0.224390243902439, 'support': 349}, 'micro avg': {'precision': 0.7538699690402477, 'recall': 0.7538699690402477, 'f1-score': 0.7538699690402476, 'support': 1292}, 'macro avg': {'precision': 0.7539785060792905, 'recall': 0.5579492383935923, 'f1-score': 0.5390580474342002, 'support': 1292}, 'weighted avg': {'precision': 0.7539234026594687, 'recall': 0.7538699690402477, 'f1-score': 0.6837273007607219, 'support': 1292}}",18.91
4,clf,xgb,max,basic,ALL_NO_1_1_1,0_60,included,basic,0.77,{'n_estimators': 50},0.76,0.74,0.77,0.68,943.00,349.00,"{'0': {'precision': 0.7657961246840775, 'recall': 0.9639448568398727, 'f1-score': 0.8535211267605635, 'support': 943}, '1': {'precision': 0.6761904761904762, 'recall': 0.2034383954154728, 'f1-score': 0.3127753303964758, 'support': 349}, 'micro avg': {'precision': 0.7585139318885449, 'recall': 0.7585139318885449, 'f1-score': 0.758513931888545, 'support': 1292}, 'macro avg': {'precision': 0.7209933004372768, 'recall': 0.5836916261276728, 'f1-score': 0.5831482285785197, 'support': 1292}, 'weighted avg': {'precision': 0.7415915029160691, 'recall': 0.7585139318885449, 'f1-score': 0.7074527963185615, 'support': 1292}}",0.23
5,clf,gboosting,max,basic,ALL_NO_1_1_1,0_60,included,basic,0.77,{'n_estimators': 50},0.76,0.74,0.76,0.67,943.00,349.00,"{'0': {'precision': 0.7645079899074853, 'recall': 0.9639448568398727, 'f1-score': 0.852720450281426, 'support': 943}, '1': {'precision': 0.6699029126213593, 'recall': 0.1977077363896848, 'f1-score': 0.30530973451327437, 'support': 349}, 'micro avg': {'precision': 0.7569659442724458, 'recall': 0.7569659442724458, 'f1-score': 0.7569659442724458, 'support': 1292}, 'macro avg': {'precision': 0.7172054512644223, 'recall': 0.5808262966147788, 'f1-score': 0.5790150923973502, 'support': 1292}, 'weighted avg': {'precision': 0.7389529032411865, 'recall': 0.7569659442724458, 'f1-score': 0.7048517662233107, 'support': 1292}}",0.52
6,clf,ada,max,basic,ALL_NO_1_1_1,0_60,included,basic,0.76,{'n_estimators': 100},0.76,0.73,0.77,0.63,943.00,349.00,"{'0': {'precision': 0.7706896551724138, 'recall': 0.9480381760339343, 'f1-score': 0.8502139800285308, 'support': 943}, '1': {'precision': 0.6287878787878788, 'recall': 0.23782234957020057, 'f1-score': 0.34511434511434513, 'support': 349}, 'micro avg': {'precision': 0.7561919504643962, 'recall': 0.7561919504643962, 'f1-score': 0.7561919504643962, 'support': 1292}, 'macro avg': {'precision': 0.6997387669801463, 'recall': 0.5929302628020674, 'f1-score': 0.597664162571438, 'support': 1292}, 'weighted avg': {'precision': 0.7323586025731856, 'recall': 0.7561919504643962, 'f1-score': 0.7137745275633212, 'support': 1292}}",0.63
0,reg,kn,max,basic,ALL_NO_1_1_1,0_60,included,basic,15.98,{'n_neighbors': 31},,,,,,,17.05,2.10
1,reg,svr-rbf,max,basic,ALL_NO_1_1_1,0_60,included,basic,17.99,"{'C': 5, 'gamma': 1}",,,,,,,19.49,5.40
2,reg,dtree,max,basic,ALL_NO_1_1_1,0_60,included,basic,15.68,"{'max_depth': 6, 'min_samples_leaf': 150}",,,,,,,16.62,0.34
3,reg,rforest,max,basic,ALL_NO_1_1_1,0_60,included,basic,15.32,"{'max_depth': 7, 'min_samples_leaf': 10, 'n_estimators': 200}",,,,,,,16.01,33.47
4,reg,xgb,max,basic,ALL_NO_1_1_1,0_60,included,basic,15.37,{'n_estimators': 50},,,,,,,16.18,0.23
5,reg,gboosting,max,basic,ALL_NO_1_1_1,0_60,included,basic,15.50,{'n_estimators': 50},,,,,,,16.14,0.43
6,reg,ada,max,basic,ALL_NO_1_1_1,0_60,included,basic,17.22,{'n_estimators': 10},,,,,,,18.03,0.43
0,clf,kn,min,basic,ALL_NO_1_1_1,0_60,included,basic,0.75,{'n_neighbors': 41},0.75,0.71,0.76,0.53,962.00,330.00,"{'0': {'precision': 0.7645107794361525, 'recall': 0.9584199584199584, 'f1-score': 0.8505535055350553, 'support': 962}, '1': {'precision': 0.5348837209302325, 'recall': 0.1393939393939394, 'f1-score': 0.22115384615384617, 'support': 330}, 'micro avg': {'precision': 0.7492260061919505, 'recall': 0.7492260061919505, 'f1-score': 0.7492260061919505, 'support': 1292}, 'macro avg': {'precision': 0.6496972501831926, 'recall': 0.5489069489069489, 'f1-score': 0.5358536758444508, 'support': 1292}, 'weighted avg': {'precision': 0.705859905359563, 'recall': 0.7492260061919505, 'f1-score': 0.6897935306157063, 'support': 1292}}",2.02
1,clf,svc-rbf,min,basic,ALL_NO_1_1_1,0_60,included,basic,0.74,"{'C': 1, 'gamma': 1}",0.74,0.55,0.74,0.00,962.00,330.00,"{'0': {'precision': 0.7445820433436533, 'recall': 1.0, 'f1-score': 0.8535936113575865, 'support': 962}, '1': {'precision': 0.0, 'recall': 0.0, 'f1-score': 0.0, 'support': 330}, 'micro avg': {'precision': 0.7445820433436533, 'recall': 0.7445820433436533, 'f1-score': 0.7445820433436534, 'support': 1292}, 'macro avg': {'precision': 0.37229102167182665, 'recall': 0.5, 'f1-score': 0.42679680567879325, 'support': 1292}, 'weighted avg': {'precision': 0.5544024192698099, 'recall': 0.7445820433436533, 'f1-score': 0.63557047532972, 'support': 1292}}",5.87
2,clf,dtree,min,basic,ALL_NO_1_1_1,0_60,included,basic,0.76,"{'max_depth': 3, 'min_samples_leaf': 10}",0.76,0.72,0.77,0.57,962.00,330.00,"{'0': {'precision': 0.7741116751269036, 'recall': 0.9511434511434511, 'f1-score': 0.8535447761194029, 'support': 962}, '1': {'precision': 0.5727272727272728, 'recall': 0.19090909090909092, 'f1-score': 0.2863636363636364, 'support': 330}, 'micro avg': {'precision': 0.7569659442724458, 'recall': 0.7569659442724458, 'f1-score': 0.7569659442724458, 'support': 1292}, 'macro avg': {'precision': 0.6734194739270882, 'recall': 0.571026271026271, 'f1-score': 0.5699542062415197, 'support': 1292}, 'weighted avg': {'precision': 0.7226744825635304, 'recall': 0.7569659442724458, 'f1-score': 0.7086765283489672, 'support': 1292}}",0.43
3,clf,rforest,min,basic,ALL_NO_1_1_1,0_60,included,basic,0.76,"{'max_depth': 7, 'min_samples_leaf': 10, 'n_estimators': 50}",0.76,0.74,0.77,0.63,962.00,330.00,"{'0': {'precision': 0.7728785357737105, 'recall': 0.9656964656964657, 'f1-score': 0.8585951940850277, 'support': 962}, '1': {'precision': 0.6333333333333333, 'recall': 0.17272727272727273, 'f1-score': 0.2714285714285714, 'support': 330}, 'micro avg': {'precision': 0.7631578947368421, 'recall': 0.7631578947368421, 'f1-score': 0.7631578947368421, 'support': 1292}, 'macro avg': {'precision': 0.7031059345535219, 'recall': 0.5692118692118693, 'f1-score': 0.5650118827567996, 'support': 1292}, 'weighted avg': {'precision': 0.7372361853051931, 'recall': 0.7631578947368421, 'f1-score': 0.7086222951093075, 'support': 1292}}",19.01
4,clf,xgb,min,basic,ALL_NO_1_1_1,0_60,included,basic,0.76,{'n_estimators': 100},0.76,0.73,0.78,0.58,962.00,330.00,"{'0': {'precision': 0.7840416305290546, 'recall': 0.9397089397089398, 'f1-score': 0.8548463356973994, 'support': 962}, '1': {'precision': 0.5827338129496403, 'recall': 0.24545454545454545, 'f1-score': 0.34541577825159914, 'support': 330}, 'micro avg': {'precision': 0.7623839009287926, 'recall': 0.7623839009287926, 'f1-score': 0.7623839009287926, 'support': 1292}, 'macro avg': {'precision': 0.6833877217393475, 'recall': 0.5925817425817426, 'f1-score': 0.6001310569744993, 'support': 1292}, 'weighted avg': {'precision': 0.7326239991039721, 'recall': 0.7623839009287926, 'f1-score': 0.7247286236562894, 'support': 1292}}",0.25
5,clf,gboosting,min,basic,ALL_NO_1_1_1,0_60,included,basic,0.76,{'n_estimators': 100},0.77,0.74,0.79,0.59,962.00,330.00,"{'0': {'precision': 0.7877729257641921, 'recall': 0.9376299376299376, 'f1-score': 0.8561936402467963, 'support': 962}, '1': {'precision': 0.5918367346938775, 'recall': 0.2636363636363636, 'f1-score': 0.36477987421383645, 'support': 330}, 'micro avg': {'precision': 0.7654798761609907, 'recall': 0.7654798761609907, 'f1-score': 0.7654798761609908, 'support': 1292}, 'macro avg': {'precision': 0.6898048302290348, 'recall': 0.6006331506331506, 'f1-score': 0.6104867572303164, 'support': 1292}, 'weighted avg': {'precision': 0.7377273042059849, 'recall': 0.7654798761609907, 'f1-score': 0.7306777402538577, 'support': 1292}}",0.57
6,clf,ada,min,basic,ALL_NO_1_1_1,0_60,included,basic,0.76,{'n_estimators': 200},0.76,0.73,0.79,0.56,962.00,330.00,"{'0': {'precision': 0.7907390917186109, 'recall': 0.9230769230769231, 'f1-score': 0.8517985611510791, 'support': 962}, '1': {'precision': 0.5621301775147929, 'recall': 0.2878787878787879, 'f1-score': 0.3807615230460922, 'support': 330}, 'micro avg': {'precision': 0.7608359133126935, 'recall': 0.7608359133126935, 'f1-score': 0.7608359133126935, 'support': 1292}, 'macro avg': {'precision': 0.6764346346167018, 'recall': 0.6054778554778555, 'f1-score': 0.6162800420985857, 'support': 1292}, 'weighted avg': {'precision': 0.7323482699792456, 'recall': 0.7608359133126935, 'f1-score': 0.7314872433688455, 'support': 1292}}",0.67
0,reg,kn,min,basic,ALL_NO_1_1_1,0_60,included,basic,16.36,{'n_neighbors': 31},,,,,,,16.68,2.19
1,reg,svr-rbf,min,basic,ALL_NO_1_1_1,0_60,included,basic,18.85,"{'C': 5, 'gamma': 4}",,,,,,,18.63,5.73
2,reg,dtree,min,basic,ALL_NO_1_1_1,0_60,included,basic,16.24,"{'max_depth': 7, 'min_samples_leaf': 100}",,,,,,,16.17,0.36
3,reg,rforest,min,basic,ALL_NO_1_1_1,0_60,included,basic,15.81,"{'max_depth': 7, 'min_samples_leaf': 20, 'n_estimators': 100}",,,,,,,16.13,33.00
4,reg,xgb,min,basic,ALL_NO_1_1_1,0_60,included,basic,15.73,{'n_estimators': 100},,,,,,,16.25,0.23
5,reg,gboosting,min,basic,ALL_NO_1_1_1,0_60,included,basic,15.84,{'n_estimators': 100},,,,,,,16.35,0.44
6,reg,ada,min,basic,ALL_NO_1_1_1,0_60,included,basic,17.81,{'n_estimators': 10},,,,,,,18.30,0.46
0,clf,kn,max,all,ALL_NO_1_1_1,0_60,included,basic,0.76,{'n_neighbors': 61},0.74,0.72,0.75,0.65,943.00,349.00,"{'0': {'precision': 0.7483766233766234, 'recall': 0.9777306468716861, 'f1-score': 0.847816091954023, 'support': 943}, '1': {'precision': 0.65, 'recall': 0.11174785100286533, 'f1-score': 0.19070904645476772, 'support': 349}, 'micro avg': {'precision': 0.7438080495356038, 'recall': 0.7438080495356038, 'f1-score': 0.7438080495356038, 'support': 1292}, 'macro avg': {'precision': 0.6991883116883117, 'recall': 0.5447392489372758, 'f1-score': 0.5192625692043953, 'support': 1292}, 'weighted avg': {'precision': 0.721802752201359, 'recall': 0.7438080495356038, 'f1-score': 0.6703158141837133, 'support': 1292}}",2.24
1,clf,svc-rbf,max,all,ALL_NO_1_1_1,0_60,included,basic,0.75,"{'C': 1, 'gamma': 1}",0.73,0.53,0.73,0.00,943.00,349.00,"{'0': {'precision': 0.7298761609907121, 'recall': 1.0, 'f1-score': 0.8438478747203579, 'support': 943}, '1': {'precision': 0.0, 'recall': 0.0, 'f1-score': 0.0, 'support': 349}, 'micro avg': {'precision': 0.7298761609907121, 'recall': 0.7298761609907121, 'f1-score': 0.7298761609907122, 'support': 1292}, 'macro avg': {'precision': 0.36493808049535603, 'recall': 0.5, 'f1-score': 0.42192393736017897, 'support': 1292}, 'weighted avg': {'precision': 0.5327192103825398, 'recall': 0.7298761609907121, 'f1-score': 0.6159044472610662, 'support': 1292}}",5.54
2,clf,dtree,max,all,ALL_NO_1_1_1,0_60,included,basic,0.76,"{'max_depth': 5, 'min_samples_leaf': 10}",0.75,0.72,0.76,0.62,943.00,349.00,"{'0': {'precision': 0.7596638655462185, 'recall': 0.95864262990456, 'f1-score': 0.8476324425691515, 'support': 943}, '1': {'precision': 0.6176470588235294, 'recall': 0.18051575931232092, 'f1-score': 0.27937915742793795, 'support': 349}, 'micro avg': {'precision': 0.7484520123839009, 'recall': 0.7484520123839009, 'f1-score': 0.7484520123839009, 'support': 1292}, 'macro avg': {'precision': 0.688655462184874, 'recall': 0.5695791946084404, 'f1-score': 0.5635057999985447, 'support': 1292}, 'weighted avg': {'precision': 0.7213017405104456, 'recall': 0.7484520123839009, 'f1-score': 0.6941336836571673, 'support': 1292}}",0.36
3,clf,rforest,max,all,ALL_NO_1_1_1,0_60,included,basic,0.76,"{'max_depth': 7, 'min_samples_leaf': 10, 'n_estimators': 50}",0.75,0.75,0.75,0.75,943.00,349.00,"{'0': {'precision': 0.7538586515028433, 'recall': 0.9840933191940615, 'f1-score': 0.8537258509659613, 'support': 943}, '1': {'precision': 0.7540983606557377, 'recall': 0.1318051575931232, 'f1-score': 0.224390243902439, 'support': 349}, 'micro avg': {'precision': 0.7538699690402477, 'recall': 0.7538699690402477, 'f1-score': 0.7538699690402476, 'support': 1292}, 'macro avg': {'precision': 0.7539785060792905, 'recall': 0.5579492383935923, 'f1-score': 0.5390580474342002, 'support': 1292}, 'weighted avg': {'precision': 0.7539234026594687, 'recall': 0.7538699690402477, 'f1-score': 0.6837273007607219, 'support': 1292}}",21.70
4,clf,xgb,max,all,ALL_NO_1_1_1,0_60,included,basic,0.77,{'n_estimators': 50},0.76,0.74,0.77,0.68,943.00,349.00,"{'0': {'precision': 0.7657961246840775, 'recall': 0.9639448568398727, 'f1-score': 0.8535211267605635, 'support': 943}, '1': {'precision': 0.6761904761904762, 'recall': 0.2034383954154728, 'f1-score': 0.3127753303964758, 'support': 349}, 'micro avg': {'precision': 0.7585139318885449, 'recall': 0.7585139318885449, 'f1-score': 0.758513931888545, 'support': 1292}, 'macro avg': {'precision': 0.7209933004372768, 'recall': 0.5836916261276728, 'f1-score': 0.5831482285785197, 'support': 1292}, 'weighted avg': {'precision': 0.7415915029160691, 'recall': 0.7585139318885449, 'f1-score': 0.7074527963185615, 'support': 1292}}",0.22
5,clf,gboosting,max,all,ALL_NO_1_1_1,0_60,included,basic,0.77,{'n_estimators': 50},0.76,0.74,0.76,0.67,943.00,349.00,"{'0': {'precision': 0.7645079899074853, 'recall': 0.9639448568398727, 'f1-score': 0.852720450281426, 'support': 943}, '1': {'precision': 0.6699029126213593, 'recall': 0.1977077363896848, 'f1-score': 0.30530973451327437, 'support': 349}, 'micro avg': {'precision': 0.7569659442724458, 'recall': 0.7569659442724458, 'f1-score': 0.7569659442724458, 'support': 1292}, 'macro avg': {'precision': 0.7172054512644223, 'recall': 0.5808262966147788, 'f1-score': 0.5790150923973502, 'support': 1292}, 'weighted avg': {'precision': 0.7389529032411865, 'recall': 0.7569659442724458, 'f1-score': 0.7048517662233107, 'support': 1292}}",0.53
6,clf,ada,max,all,ALL_NO_1_1_1,0_60,included,basic,0.76,{'n_estimators': 100},0.76,0.73,0.77,0.63,943.00,349.00,"{'0': {'precision': 0.7706896551724138, 'recall': 0.9480381760339343, 'f1-score': 0.8502139800285308, 'support': 943}, '1': {'precision': 0.6287878787878788, 'recall': 0.23782234957020057, 'f1-score': 0.34511434511434513, 'support': 349}, 'micro avg': {'precision': 0.7561919504643962, 'recall': 0.7561919504643962, 'f1-score': 0.7561919504643962, 'support': 1292}, 'macro avg': {'precision': 0.6997387669801463, 'recall': 0.5929302628020674, 'f1-score': 0.597664162571438, 'support': 1292}, 'weighted avg': {'precision': 0.7323586025731856, 'recall': 0.7561919504643962, 'f1-score': 0.7137745275633212, 'support': 1292}}",0.60
0,reg,kn,max,all,ALL_NO_1_1_1,0_60,included,basic,15.98,{'n_neighbors': 31},,,,,,,17.05,1.92
1,reg,svr-rbf,max,all,ALL_NO_1_1_1,0_60,included,basic,17.99,"{'C': 5, 'gamma': 1}",,,,,,,19.49,5.54
2,reg,dtree,max,all,ALL_NO_1_1_1,0_60,included,basic,15.68,"{'max_depth': 6, 'min_samples_leaf': 150}",,,,,,,16.62,0.37
3,reg,rforest,max,all,ALL_NO_1_1_1,0_60,included,basic,15.32,"{'max_depth': 7, 'min_samples_leaf': 10, 'n_estimators': 200}",,,,,,,16.01,31.99
4,reg,xgb,max,all,ALL_NO_1_1_1,0_60,included,basic,15.37,{'n_estimators': 50},,,,,,,16.18,0.22
5,reg,gboosting,max,all,ALL_NO_1_1_1,0_60,included,basic,15.50,{'n_estimators': 50},,,,,,,16.14,0.43
6,reg,ada,max,all,ALL_NO_1_1_1,0_60,included,basic,17.22,{'n_estimators': 10},,,,,,,18.03,0.46
0,clf,kn,min,all,ALL_NO_1_1_1,0_60,included,basic,0.75,{'n_neighbors': 41},0.75,0.71,0.76,0.53,962.00,330.00,"{'0': {'precision': 0.7645107794361525, 'recall': 0.9584199584199584, 'f1-score': 0.8505535055350553, 'support': 962}, '1': {'precision': 0.5348837209302325, 'recall': 0.1393939393939394, 'f1-score': 0.22115384615384617, 'support': 330}, 'micro avg': {'precision': 0.7492260061919505, 'recall': 0.7492260061919505, 'f1-score': 0.7492260061919505, 'support': 1292}, 'macro avg': {'precision': 0.6496972501831926, 'recall': 0.5489069489069489, 'f1-score': 0.5358536758444508, 'support': 1292}, 'weighted avg': {'precision': 0.705859905359563, 'recall': 0.7492260061919505, 'f1-score': 0.6897935306157063, 'support': 1292}}",2.29
1,clf,svc-rbf,min,all,ALL_NO_1_1_1,0_60,included,basic,0.74,"{'C': 1, 'gamma': 1}",0.74,0.55,0.74,0.00,962.00,330.00,"{'0': {'precision': 0.7445820433436533, 'recall': 1.0, 'f1-score': 0.8535936113575865, 'support': 962}, '1': {'precision': 0.0, 'recall': 0.0, 'f1-score': 0.0, 'support': 330}, 'micro avg': {'precision': 0.7445820433436533, 'recall': 0.7445820433436533, 'f1-score': 0.7445820433436534, 'support': 1292}, 'macro avg': {'precision': 0.37229102167182665, 'recall': 0.5, 'f1-score': 0.42679680567879325, 'support': 1292}, 'weighted avg': {'precision': 0.5544024192698099, 'recall': 0.7445820433436533, 'f1-score': 0.63557047532972, 'support': 1292}}",6.61
2,clf,dtree,min,all,ALL_NO_1_1_1,0_60,included,basic,0.76,"{'max_depth': 3, 'min_samples_leaf': 10}",0.76,0.72,0.77,0.57,962.00,330.00,"{'0': {'precision': 0.7741116751269036, 'recall': 0.9511434511434511, 'f1-score': 0.8535447761194029, 'support': 962}, '1': {'precision': 0.5727272727272728, 'recall': 0.19090909090909092, 'f1-score': 0.2863636363636364, 'support': 330}, 'micro avg': {'precision': 0.7569659442724458, 'recall': 0.7569659442724458, 'f1-score': 0.7569659442724458, 'support': 1292}, 'macro avg': {'precision': 0.6734194739270882, 'recall': 0.571026271026271, 'f1-score': 0.5699542062415197, 'support': 1292}, 'weighted avg': {'precision': 0.7226744825635304, 'recall': 0.7569659442724458, 'f1-score': 0.7086765283489672, 'support': 1292}}",0.37
3,clf,rforest,min,all,ALL_NO_1_1_1,0_60,included,basic,0.76,"{'max_depth': 7, 'min_samples_leaf': 10, 'n_estimators': 50}",0.76,0.74,0.77,0.63,962.00,330.00,"{'0': {'precision': 0.7728785357737105, 'recall': 0.9656964656964657, 'f1-score': 0.8585951940850277, 'support': 962}, '1': {'precision': 0.6333333333333333, 'recall': 0.17272727272727273, 'f1-score': 0.2714285714285714, 'support': 330}, 'micro avg': {'precision': 0.7631578947368421, 'recall': 0.7631578947368421, 'f1-score': 0.7631578947368421, 'support': 1292}, 'macro avg': {'precision': 0.7031059345535219, 'recall': 0.5692118692118693, 'f1-score': 0.5650118827567996, 'support': 1292}, 'weighted avg': {'precision': 0.7372361853051931, 'recall': 0.7631578947368421, 'f1-score': 0.7086222951093075, 'support': 1292}}",19.87
4,clf,xgb,min,all,ALL_NO_1_1_1,0_60,included,basic,0.76,{'n_estimators': 100},0.76,0.73,0.78,0.58,962.00,330.00,"{'0': {'precision': 0.7840416305290546, 'recall': 0.9397089397089398, 'f1-score': 0.8548463356973994, 'support': 962}, '1': {'precision': 0.5827338129496403, 'recall': 0.24545454545454545, 'f1-score': 0.34541577825159914, 'support': 330}, 'micro avg': {'precision': 0.7623839009287926, 'recall': 0.7623839009287926, 'f1-score': 0.7623839009287926, 'support': 1292}, 'macro avg': {'precision': 0.6833877217393475, 'recall': 0.5925817425817426, 'f1-score': 0.6001310569744993, 'support': 1292}, 'weighted avg': {'precision': 0.7326239991039721, 'recall': 0.7623839009287926, 'f1-score': 0.7247286236562894, 'support': 1292}}",0.25
5,clf,gboosting,min,all,ALL_NO_1_1_1,0_60,included,basic,0.76,{'n_estimators': 100},0.77,0.74,0.79,0.59,962.00,330.00,"{'0': {'precision': 0.7877729257641921, 'recall': 0.9376299376299376, 'f1-score': 0.8561936402467963, 'support': 962}, '1': {'precision': 0.5918367346938775, 'recall': 0.2636363636363636, 'f1-score': 0.36477987421383645, 'support': 330}, 'micro avg': {'precision': 0.7654798761609907, 'recall': 0.7654798761609907, 'f1-score': 0.7654798761609908, 'support': 1292}, 'macro avg': {'precision': 0.6898048302290348, 'recall': 0.6006331506331506, 'f1-score': 0.6104867572303164, 'support': 1292}, 'weighted avg': {'precision': 0.7377273042059849, 'recall': 0.7654798761609907, 'f1-score': 0.7306777402538577, 'support': 1292}}",0.59
6,clf,ada,min,all,ALL_NO_1_1_1,0_60,included,basic,0.76,{'n_estimators': 200},0.76,0.73,0.79,0.56,962.00,330.00,"{'0': {'precision': 0.7907390917186109, 'recall': 0.9230769230769231, 'f1-score': 0.8517985611510791, 'support': 962}, '1': {'precision': 0.5621301775147929, 'recall': 0.2878787878787879, 'f1-score': 0.3807615230460922, 'support': 330}, 'micro avg': {'precision': 0.7608359133126935, 'recall': 0.7608359133126935, 'f1-score': 0.7608359133126935, 'support': 1292}, 'macro avg': {'precision': 0.6764346346167018, 'recall': 0.6054778554778555, 'f1-score': 0.6162800420985857, 'support': 1292}, 'weighted avg': {'precision': 0.7323482699792456, 'recall': 0.7608359133126935, 'f1-score': 0.7314872433688455, 'support': 1292}}",0.71
0,reg,kn,min,all,ALL_NO_1_1_1,0_60,included,basic,16.36,{'n_neighbors': 31},,,,,,,16.68,2.39
1,reg,svr-rbf,min,all,ALL_NO_1_1_1,0_60,included,basic,18.85,"{'C': 5, 'gamma': 4}",,,,,,,18.63,5.43
2,reg,dtree,min,all,ALL_NO_1_1_1,0_60,included,basic,16.24,"{'max_depth': 7, 'min_samples_leaf': 100}",,,,,,,16.17,0.36
3,reg,rforest,min,all,ALL_NO_1_1_1,0_60,included,basic,15.81,"{'max_depth': 7, 'min_samples_leaf': 20, 'n_estimators': 100}",,,,,,,16.13,32.20
4,reg,xgb,min,all,ALL_NO_1_1_1,0_60,included,basic,15.73,{'n_estimators': 100},,,,,,,16.25,0.24
5,reg,gboosting,min,all,ALL_NO_1_1_1,0_60,included,basic,15.84,{'n_estimators': 100},,,,,,,16.35,0.48
6,reg,ada,min,all,ALL_NO_1_1_1,0_60,included,basic,17.81,{'n_estimators': 10},,,,,,,18.30,0.52
0,clf,kn,max,basic,ALL_NO_3_2_1,0_60,included,basic,0.76,{'n_neighbors': 61},0.74,0.72,0.75,0.63,943.00,349.00,"{'0': {'precision': 0.747564935064935, 'recall': 0.9766702014846236, 'f1-score': 0.8468965517241379, 'support': 943}, '1': {'precision': 0.6333333333333333, 'recall': 0.10888252148997135, 'f1-score': 0.1858190709046455, 'support': 349}, 'micro avg': {'precision': 0.7422600619195047, 'recall': 0.7422600619195047, 'f1-score': 0.7422600619195046, 'support': 1292}, 'macro avg': {'precision': 0.6904491341991341, 'recall': 0.5427763614872975, 'f1-score': 0.5163578113143917, 'support': 1292}, 'weighted avg': {'precision': 0.7167082562690148, 'recall': 0.7422600619195047, 'f1-score': 0.6683237647225877, 'support': 1292}}",2.15
1,clf,svc-rbf,max,basic,ALL_NO_3_2_1,0_60,included,basic,0.75,"{'C': 1, 'gamma': 1}",0.73,0.53,0.73,0.00,943.00,349.00,"{'0': {'precision': 0.7298761609907121, 'recall': 1.0, 'f1-score': 0.8438478747203579, 'support': 943}, '1': {'precision': 0.0, 'recall': 0.0, 'f1-score': 0.0, 'support': 349}, 'micro avg': {'precision': 0.7298761609907121, 'recall': 0.7298761609907121, 'f1-score': 0.7298761609907122, 'support': 1292}, 'macro avg': {'precision': 0.36493808049535603, 'recall': 0.5, 'f1-score': 0.42192393736017897, 'support': 1292}, 'weighted avg': {'precision': 0.5327192103825398, 'recall': 0.7298761609907121, 'f1-score': 0.6159044472610662, 'support': 1292}}",5.01
2,clf,dtree,max,basic,ALL_NO_3_2_1,0_60,included,basic,0.76,"{'max_depth': 5, 'min_samples_leaf': 50}",0.75,0.72,0.76,0.59,943.00,349.00,"{'0': {'precision': 0.7636986301369864, 'recall': 0.9459172852598091, 'f1-score': 0.8450971103742303, 'support': 943}, '1': {'precision': 0.5887096774193549, 'recall': 0.20916905444126074, 'f1-score': 0.3086680761099366, 'support': 349}, 'micro avg': {'precision': 0.7469040247678018, 'recall': 0.7469040247678018, 'f1-score': 0.7469040247678018, 'support': 1292}, 'macro avg': {'precision': 0.6762041537781707, 'recall': 0.5775431698505349, 'f1-score': 0.5768825932420835, 'support': 1292}, 'weighted avg': {'precision': 0.716429942444685, 'recall': 0.7469040247678018, 'f1-score': 0.7001948402827144, 'support': 1292}}",0.34
3,clf,rforest,max,basic,ALL_NO_3_2_1,0_60,included,basic,0.77,"{'max_depth': 7, 'min_samples_leaf': 10, 'n_estimators': 200}",0.76,0.76,0.76,0.77,943.00,349.00,"{'0': {'precision': 0.755700325732899, 'recall': 0.9840933191940615, 'f1-score': 0.8549055734684478, 'support': 943}, '1': {'precision': 0.765625, 'recall': 0.14040114613180515, 'f1-score': 0.23728813559322035, 'support': 349}, 'micro avg': {'precision': 0.7561919504643962, 'recall': 0.7561919504643962, 'f1-score': 0.7561919504643962, 'support': 1292}, 'macro avg': {'precision': 0.7606626628664495, 'recall': 0.5622472326629333, 'f1-score': 0.546096854530834, 'support': 1292}, 'weighted avg': {'precision': 0.758381216846845, 'recall': 0.7561919504643962, 'f1-score': 0.688072380110511, 'support': 1292}}",17.48
4,clf,xgb,max,basic,ALL_NO_3_2_1,0_60,included,basic,0.77,{'n_estimators': 50},0.75,0.73,0.76,0.65,943.00,349.00,"{'0': {'precision': 0.7606694560669456, 'recall': 0.9639448568398727, 'f1-score': 0.8503274087932647, 'support': 943}, '1': {'precision': 0.6494845360824743, 'recall': 0.18051575931232092, 'f1-score': 0.2825112107623318, 'support': 349}, 'micro avg': {'precision': 0.7523219814241486, 'recall': 0.7523219814241486, 'f1-score': 0.7523219814241486, 'support': 1292}, 'macro avg': {'precision': 0.7050769960747099, 'recall': 0.5722303080760969, 'f1-score': 0.5664193097777983, 'support': 1292}, 'weighted avg': {'precision': 0.7306357586407998, 'recall': 0.7523219814241486, 'f1-score': 0.6969467175294911, 'support': 1292}}",0.22
5,clf,gboosting,max,basic,ALL_NO_3_2_1,0_60,included,basic,0.77,{'n_estimators': 50},0.76,0.74,0.77,0.66,943.00,349.00,"{'0': {'precision': 0.7654008438818566, 'recall': 0.9618239660657476, 'f1-score': 0.8524436090225564, 'support': 943}, '1': {'precision': 0.6635514018691588, 'recall': 0.2034383954154728, 'f1-score': 0.31140350877192985, 'support': 349}, 'micro avg': {'precision': 0.7569659442724458, 'recall': 0.7569659442724458, 'f1-score': 0.7569659442724458, 'support': 1292}, 'macro avg': {'precision': 0.7144761228755077, 'recall': 0.5826311807406102, 'f1-score': 0.5819235588972431, 'support': 1292}, 'weighted avg': {'precision': 0.7378888816044329, 'recall': 0.7569659442724458, 'f1-score': 0.7062957800848872, 'support': 1292}}",0.54
6,clf,ada,max,basic,ALL_NO_3_2_1,0_60,included,basic,0.76,{'n_estimators': 50},0.76,0.74,0.77,0.65,943.00,349.00,"{'0': {'precision': 0.7692307692307693, 'recall': 0.9544008483563097, 'f1-score': 0.8518693800283957, 'support': 943}, '1': {'precision': 0.6475409836065574, 'recall': 0.22636103151862463, 'f1-score': 0.33545647558386416, 'support': 349}, 'micro avg': {'precision': 0.7577399380804953, 'recall': 0.7577399380804953, 'f1-score': 0.7577399380804952, 'support': 1292}, 'macro avg': {'precision': 0.7083858764186634, 'recall': 0.5903809399374671, 'f1-score': 0.59366292780613, 'support': 1292}, 'weighted avg': {'precision': 0.7363594571697399, 'recall': 0.7577399380804953, 'f1-score': 0.7123739437659022, 'support': 1292}}",0.60
0,reg,kn,max,basic,ALL_NO_3_2_1,0_60,included,basic,16.00,{'n_neighbors': 41},,,,,,,17.14,2.11
1,reg,svr-rbf,max,basic,ALL_NO_3_2_1,0_60,included,basic,17.99,"{'C': 5, 'gamma': 1}",,,,,,,19.49,5.31
2,reg,dtree,max,basic,ALL_NO_3_2_1,0_60,included,basic,15.70,"{'max_depth': 5, 'min_samples_leaf': 100}",,,,,,,16.41,0.35
3,reg,rforest,max,basic,ALL_NO_3_2_1,0_60,included,basic,15.29,"{'max_depth': 7, 'min_samples_leaf': 10, 'n_estimators': 100}",,,,,,,16.04,33.53
4,reg,xgb,max,basic,ALL_NO_3_2_1,0_60,included,basic,15.36,{'n_estimators': 50},,,,,,,16.18,0.24
5,reg,gboosting,max,basic,ALL_NO_3_2_1,0_60,included,basic,15.46,{'n_estimators': 50},,,,,,,16.25,0.49
6,reg,ada,max,basic,ALL_NO_3_2_1,0_60,included,basic,17.17,{'n_estimators': 10},,,,,,,17.71,0.37
0,clf,kn,min,basic,ALL_NO_3_2_1,0_60,included,basic,0.75,{'n_neighbors': 51},0.75,0.72,0.76,0.59,962.00,330.00,"{'0': {'precision': 0.7611697806661251, 'recall': 0.974012474012474, 'f1-score': 0.8545371637026904, 'support': 962}, '1': {'precision': 0.5901639344262295, 'recall': 0.10909090909090909, 'f1-score': 0.18414322250639384, 'support': 330}, 'micro avg': {'precision': 0.7530959752321982, 'recall': 0.7530959752321982, 'f1-score': 0.7530959752321982, 'support': 1292}, 'macro avg': {'precision': 0.6756668575461773, 'recall': 0.5415516915516916, 'f1-score': 0.5193401931045422, 'support': 1292}, 'weighted avg': {'precision': 0.7174918168432415, 'recall': 0.7530959752321982, 'f1-score': 0.6833065130875372, 'support': 1292}}",2.96
1,clf,svc-rbf,min,basic,ALL_NO_3_2_1,0_60,included,basic,0.74,"{'C': 1, 'gamma': 1}",0.74,0.55,0.74,0.00,962.00,330.00,"{'0': {'precision': 0.7445820433436533, 'recall': 1.0, 'f1-score': 0.8535936113575865, 'support': 962}, '1': {'precision': 0.0, 'recall': 0.0, 'f1-score': 0.0, 'support': 330}, 'micro avg': {'precision': 0.7445820433436533, 'recall': 0.7445820433436533, 'f1-score': 0.7445820433436534, 'support': 1292}, 'macro avg': {'precision': 0.37229102167182665, 'recall': 0.5, 'f1-score': 0.42679680567879325, 'support': 1292}, 'weighted avg': {'precision': 0.5544024192698099, 'recall': 0.7445820433436533, 'f1-score': 0.63557047532972, 'support': 1292}}",6.12
2,clf,dtree,min,basic,ALL_NO_3_2_1,0_60,included,basic,0.76,"{'max_depth': 3, 'min_samples_leaf': 10}",0.76,0.72,0.77,0.57,962.00,330.00,"{'0': {'precision': 0.7741116751269036, 'recall': 0.9511434511434511, 'f1-score': 0.8535447761194029, 'support': 962}, '1': {'precision': 0.5727272727272728, 'recall': 0.19090909090909092, 'f1-score': 0.2863636363636364, 'support': 330}, 'micro avg': {'precision': 0.7569659442724458, 'recall': 0.7569659442724458, 'f1-score': 0.7569659442724458, 'support': 1292}, 'macro avg': {'precision': 0.6734194739270882, 'recall': 0.571026271026271, 'f1-score': 0.5699542062415197, 'support': 1292}, 'weighted avg': {'precision': 0.7226744825635304, 'recall': 0.7569659442724458, 'f1-score': 0.7086765283489672, 'support': 1292}}",0.37
3,clf,rforest,min,basic,ALL_NO_3_2_1,0_60,included,basic,0.76,"{'max_depth': 7, 'min_samples_leaf': 20, 'n_estimators': 50}",0.76,0.74,0.77,0.64,962.00,330.00,"{'0': {'precision': 0.7746243739565943, 'recall': 0.9646569646569647, 'f1-score': 0.8592592592592594, 'support': 962}, '1': {'precision': 0.6382978723404256, 'recall': 0.18181818181818182, 'f1-score': 0.2830188679245283, 'support': 330}, 'micro avg': {'precision': 0.7647058823529411, 'recall': 0.7647058823529411, 'f1-score': 0.7647058823529412, 'support': 1292}, 'macro avg': {'precision': 0.70646112314851, 'recall': 0.5732375732375733, 'f1-score': 0.5711390635918938, 'support': 1292}, 'weighted avg': {'precision': 0.7398041374756844, 'recall': 0.7647058823529411, 'f1-score': 0.7120771159616888, 'support': 1292}}",17.94
4,clf,xgb,min,basic,ALL_NO_3_2_1,0_60,included,basic,0.76,{'n_estimators': 50},0.76,0.74,0.78,0.61,962.00,330.00,"{'0': {'precision': 0.7807167235494881, 'recall': 0.9511434511434511, 'f1-score': 0.8575445173383317, 'support': 962}, '1': {'precision': 0.6083333333333333, 'recall': 0.22121212121212122, 'f1-score': 0.3244444444444445, 'support': 330}, 'micro avg': {'precision': 0.7647058823529411, 'recall': 0.7647058823529411, 'f1-score': 0.7647058823529412, 'support': 1292}, 'macro avg': {'precision': 0.6945250284414106, 'recall': 0.5861777861777862, 'f1-score': 0.5909944808913881, 'support': 1292}, 'weighted avg': {'precision': 0.7366869102589841, 'recall': 0.7647058823529411, 'f1-score': 0.7213811860264256, 'support': 1292}}",0.22
5,clf,gboosting,min,basic,ALL_NO_3_2_1,0_60,included,basic,0.76,{'n_estimators': 50},0.77,0.74,0.78,0.61,962.00,330.00,"{'0': {'precision': 0.7828326180257511, 'recall': 0.9480249480249481, 'f1-score': 0.8575458392101553, 'support': 962}, '1': {'precision': 0.6062992125984252, 'recall': 0.23333333333333334, 'f1-score': 0.33698030634573306, 'support': 330}, 'micro avg': {'precision': 0.7654798761609907, 'recall': 0.7654798761609907, 'f1-score': 0.7654798761609908, 'support': 1292}, 'macro avg': {'precision': 0.6945659153120882, 'recall': 0.5906791406791407, 'f1-score': 0.5972630727779442, 'support': 1292}, 'weighted avg': {'precision': 0.7377428163299171, 'recall': 0.7654798761609907, 'f1-score': 0.7245840545002022, 'support': 1292}}",0.54
6,clf,ada,min,basic,ALL_NO_3_2_1,0_60,included,basic,0.76,{'n_estimators': 200},0.76,0.74,0.79,0.57,962.00,330.00,"{'0': {'precision': 0.7928571428571428, 'recall': 0.9230769230769231, 'f1-score': 0.8530259365994235, 'support': 962}, '1': {'precision': 0.5697674418604651, 'recall': 0.296969696969697, 'f1-score': 0.3904382470119522, 'support': 330}, 'micro avg': {'precision': 0.7631578947368421, 'recall': 0.7631578947368421, 'f1-score': 0.7631578947368421, 'support': 1292}, 'macro avg': {'precision': 0.681312292358804, 'recall': 0.6100233100233101, 'f1-score': 0.6217320918056879, 'support': 1292}, 'weighted avg': {'precision': 0.735876027277496, 'recall': 0.7631578947368421, 'f1-score': 0.7348727341506112, 'support': 1292}}",0.65
0,reg,kn,min,basic,ALL_NO_3_2_1,0_60,included,basic,16.36,{'n_neighbors': 31},,,,,,,16.70,2.17
1,reg,svr-rbf,min,basic,ALL_NO_3_2_1,0_60,included,basic,18.85,"{'C': 5, 'gamma': 4}",,,,,,,18.63,5.31
2,reg,dtree,min,basic,ALL_NO_3_2_1,0_60,included,basic,16.24,"{'max_depth': 4, 'min_samples_leaf': 100}",,,,,,,16.22,0.35
3,reg,rforest,min,basic,ALL_NO_3_2_1,0_60,included,basic,15.80,"{'max_depth': 7, 'min_samples_leaf': 20, 'n_estimators': 100}",,,,,,,16.16,33.00
4,reg,xgb,min,basic,ALL_NO_3_2_1,0_60,included,basic,15.86,{'n_estimators': 50},,,,,,,16.30,0.23
5,reg,gboosting,min,basic,ALL_NO_3_2_1,0_60,included,basic,15.83,{'n_estimators': 50},,,,,,,16.36,0.45
6,reg,ada,min,basic,ALL_NO_3_2_1,0_60,included,basic,17.54,{'n_estimators': 10},,,,,,,18.18,0.57
0,clf,kn,max,all,ALL_NO_3_2_1,0_60,included,basic,0.76,{'n_neighbors': 61},0.74,0.72,0.75,0.63,943.00,349.00,"{'0': {'precision': 0.747564935064935, 'recall': 0.9766702014846236, 'f1-score': 0.8468965517241379, 'support': 943}, '1': {'precision': 0.6333333333333333, 'recall': 0.10888252148997135, 'f1-score': 0.1858190709046455, 'support': 349}, 'micro avg': {'precision': 0.7422600619195047, 'recall': 0.7422600619195047, 'f1-score': 0.7422600619195046, 'support': 1292}, 'macro avg': {'precision': 0.6904491341991341, 'recall': 0.5427763614872975, 'f1-score': 0.5163578113143917, 'support': 1292}, 'weighted avg': {'precision': 0.7167082562690148, 'recall': 0.7422600619195047, 'f1-score': 0.6683237647225877, 'support': 1292}}",2.57
1,clf,svc-rbf,max,all,ALL_NO_3_2_1,0_60,included,basic,0.75,"{'C': 1, 'gamma': 1}",0.73,0.53,0.73,0.00,943.00,349.00,"{'0': {'precision': 0.7298761609907121, 'recall': 1.0, 'f1-score': 0.8438478747203579, 'support': 943}, '1': {'precision': 0.0, 'recall': 0.0, 'f1-score': 0.0, 'support': 349}, 'micro avg': {'precision': 0.7298761609907121, 'recall': 0.7298761609907121, 'f1-score': 0.7298761609907122, 'support': 1292}, 'macro avg': {'precision': 0.36493808049535603, 'recall': 0.5, 'f1-score': 0.42192393736017897, 'support': 1292}, 'weighted avg': {'precision': 0.5327192103825398, 'recall': 0.7298761609907121, 'f1-score': 0.6159044472610662, 'support': 1292}}",5.27
2,clf,dtree,max,all,ALL_NO_3_2_1,0_60,included,basic,0.76,"{'max_depth': 5, 'min_samples_leaf': 50}",0.75,0.72,0.76,0.59,943.00,349.00,"{'0': {'precision': 0.7636986301369864, 'recall': 0.9459172852598091, 'f1-score': 0.8450971103742303, 'support': 943}, '1': {'precision': 0.5887096774193549, 'recall': 0.20916905444126074, 'f1-score': 0.3086680761099366, 'support': 349}, 'micro avg': {'precision': 0.7469040247678018, 'recall': 0.7469040247678018, 'f1-score': 0.7469040247678018, 'support': 1292}, 'macro avg': {'precision': 0.6762041537781707, 'recall': 0.5775431698505349, 'f1-score': 0.5768825932420835, 'support': 1292}, 'weighted avg': {'precision': 0.716429942444685, 'recall': 0.7469040247678018, 'f1-score': 0.7001948402827144, 'support': 1292}}",0.35
3,clf,rforest,max,all,ALL_NO_3_2_1,0_60,included,basic,0.77,"{'max_depth': 7, 'min_samples_leaf': 10, 'n_estimators': 200}",0.76,0.76,0.76,0.77,943.00,349.00,"{'0': {'precision': 0.755700325732899, 'recall': 0.9840933191940615, 'f1-score': 0.8549055734684478, 'support': 943}, '1': {'precision': 0.765625, 'recall': 0.14040114613180515, 'f1-score': 0.23728813559322035, 'support': 349}, 'micro avg': {'precision': 0.7561919504643962, 'recall': 0.7561919504643962, 'f1-score': 0.7561919504643962, 'support': 1292}, 'macro avg': {'precision': 0.7606626628664495, 'recall': 0.5622472326629333, 'f1-score': 0.546096854530834, 'support': 1292}, 'weighted avg': {'precision': 0.758381216846845, 'recall': 0.7561919504643962, 'f1-score': 0.688072380110511, 'support': 1292}}",17.80
4,clf,xgb,max,all,ALL_NO_3_2_1,0_60,included,basic,0.77,{'n_estimators': 50},0.75,0.73,0.76,0.65,943.00,349.00,"{'0': {'precision': 0.7606694560669456, 'recall': 0.9639448568398727, 'f1-score': 0.8503274087932647, 'support': 943}, '1': {'precision': 0.6494845360824743, 'recall': 0.18051575931232092, 'f1-score': 0.2825112107623318, 'support': 349}, 'micro avg': {'precision': 0.7523219814241486, 'recall': 0.7523219814241486, 'f1-score': 0.7523219814241486, 'support': 1292}, 'macro avg': {'precision': 0.7050769960747099, 'recall': 0.5722303080760969, 'f1-score': 0.5664193097777983, 'support': 1292}, 'weighted avg': {'precision': 0.7306357586407998, 'recall': 0.7523219814241486, 'f1-score': 0.6969467175294911, 'support': 1292}}",0.23
5,clf,gboosting,max,all,ALL_NO_3_2_1,0_60,included,basic,0.77,{'n_estimators': 50},0.76,0.74,0.77,0.66,943.00,349.00,"{'0': {'precision': 0.7654008438818566, 'recall': 0.9618239660657476, 'f1-score': 0.8524436090225564, 'support': 943}, '1': {'precision': 0.6635514018691588, 'recall': 0.2034383954154728, 'f1-score': 0.31140350877192985, 'support': 349}, 'micro avg': {'precision': 0.7569659442724458, 'recall': 0.7569659442724458, 'f1-score': 0.7569659442724458, 'support': 1292}, 'macro avg': {'precision': 0.7144761228755077, 'recall': 0.5826311807406102, 'f1-score': 0.5819235588972431, 'support': 1292}, 'weighted avg': {'precision': 0.7378888816044329, 'recall': 0.7569659442724458, 'f1-score': 0.7062957800848872, 'support': 1292}}",0.54
6,clf,ada,max,all,ALL_NO_3_2_1,0_60,included,basic,0.76,{'n_estimators': 50},0.76,0.74,0.77,0.65,943.00,349.00,"{'0': {'precision': 0.7692307692307693, 'recall': 0.9544008483563097, 'f1-score': 0.8518693800283957, 'support': 943}, '1': {'precision': 0.6475409836065574, 'recall': 0.22636103151862463, 'f1-score': 0.33545647558386416, 'support': 349}, 'micro avg': {'precision': 0.7577399380804953, 'recall': 0.7577399380804953, 'f1-score': 0.7577399380804952, 'support': 1292}, 'macro avg': {'precision': 0.7083858764186634, 'recall': 0.5903809399374671, 'f1-score': 0.59366292780613, 'support': 1292}, 'weighted avg': {'precision': 0.7363594571697399, 'recall': 0.7577399380804953, 'f1-score': 0.7123739437659022, 'support': 1292}}",0.59
0,reg,kn,max,all,ALL_NO_3_2_1,0_60,included,basic,16.00,{'n_neighbors': 41},,,,,,,17.14,2.17
1,reg,svr-rbf,max,all,ALL_NO_3_2_1,0_60,included,basic,17.99,"{'C': 5, 'gamma': 1}",,,,,,,19.49,5.36
2,reg,dtree,max,all,ALL_NO_3_2_1,0_60,included,basic,15.70,"{'max_depth': 5, 'min_samples_leaf': 100}",,,,,,,16.41,0.36
3,reg,rforest,max,all,ALL_NO_3_2_1,0_60,included,basic,15.29,"{'max_depth': 7, 'min_samples_leaf': 10, 'n_estimators': 100}",,,,,,,16.04,33.68
4,reg,xgb,max,all,ALL_NO_3_2_1,0_60,included,basic,15.36,{'n_estimators': 50},,,,,,,16.18,0.22
5,reg,gboosting,max,all,ALL_NO_3_2_1,0_60,included,basic,15.46,{'n_estimators': 50},,,,,,,16.25,0.45
6,reg,ada,max,all,ALL_NO_3_2_1,0_60,included,basic,17.17,{'n_estimators': 10},,,,,,,17.71,0.32
0,clf,kn,min,all,ALL_NO_3_2_1,0_60,included,basic,0.75,{'n_neighbors': 51},0.75,0.72,0.76,0.59,962.00,330.00,"{'0': {'precision': 0.7611697806661251, 'recall': 0.974012474012474, 'f1-score': 0.8545371637026904, 'support': 962}, '1': {'precision': 0.5901639344262295, 'recall': 0.10909090909090909, 'f1-score': 0.18414322250639384, 'support': 330}, 'micro avg': {'precision': 0.7530959752321982, 'recall': 0.7530959752321982, 'f1-score': 0.7530959752321982, 'support': 1292}, 'macro avg': {'precision': 0.6756668575461773, 'recall': 0.5415516915516916, 'f1-score': 0.5193401931045422, 'support': 1292}, 'weighted avg': {'precision': 0.7174918168432415, 'recall': 0.7530959752321982, 'f1-score': 0.6833065130875372, 'support': 1292}}",2.18
1,clf,svc-rbf,min,all,ALL_NO_3_2_1,0_60,included,basic,0.74,"{'C': 1, 'gamma': 1}",0.74,0.55,0.74,0.00,962.00,330.00,"{'0': {'precision': 0.7445820433436533, 'recall': 1.0, 'f1-score': 0.8535936113575865, 'support': 962}, '1': {'precision': 0.0, 'recall': 0.0, 'f1-score': 0.0, 'support': 330}, 'micro avg': {'precision': 0.7445820433436533, 'recall': 0.7445820433436533, 'f1-score': 0.7445820433436534, 'support': 1292}, 'macro avg': {'precision': 0.37229102167182665, 'recall': 0.5, 'f1-score': 0.42679680567879325, 'support': 1292}, 'weighted avg': {'precision': 0.5544024192698099, 'recall': 0.7445820433436533, 'f1-score': 0.63557047532972, 'support': 1292}}",5.64
2,clf,dtree,min,all,ALL_NO_3_2_1,0_60,included,basic,0.76,"{'max_depth': 3, 'min_samples_leaf': 10}",0.76,0.72,0.77,0.57,962.00,330.00,"{'0': {'precision': 0.7741116751269036, 'recall': 0.9511434511434511, 'f1-score': 0.8535447761194029, 'support': 962}, '1': {'precision': 0.5727272727272728, 'recall': 0.19090909090909092, 'f1-score': 0.2863636363636364, 'support': 330}, 'micro avg': {'precision': 0.7569659442724458, 'recall': 0.7569659442724458, 'f1-score': 0.7569659442724458, 'support': 1292}, 'macro avg': {'precision': 0.6734194739270882, 'recall': 0.571026271026271, 'f1-score': 0.5699542062415197, 'support': 1292}, 'weighted avg': {'precision': 0.7226744825635304, 'recall': 0.7569659442724458, 'f1-score': 0.7086765283489672, 'support': 1292}}",0.36
3,clf,rforest,min,all,ALL_NO_3_2_1,0_60,included,basic,0.76,"{'max_depth': 7, 'min_samples_leaf': 20, 'n_estimators': 50}",0.76,0.74,0.77,0.64,962.00,330.00,"{'0': {'precision': 0.7746243739565943, 'recall': 0.9646569646569647, 'f1-score': 0.8592592592592594, 'support': 962}, '1': {'precision': 0.6382978723404256, 'recall': 0.18181818181818182, 'f1-score': 0.2830188679245283, 'support': 330}, 'micro avg': {'precision': 0.7647058823529411, 'recall': 0.7647058823529411, 'f1-score': 0.7647058823529412, 'support': 1292}, 'macro avg': {'precision': 0.70646112314851, 'recall': 0.5732375732375733, 'f1-score': 0.5711390635918938, 'support': 1292}, 'weighted avg': {'precision': 0.7398041374756844, 'recall': 0.7647058823529411, 'f1-score': 0.7120771159616888, 'support': 1292}}",18.32
4,clf,xgb,min,all,ALL_NO_3_2_1,0_60,included,basic,0.76,{'n_estimators': 50},0.76,0.74,0.78,0.61,962.00,330.00,"{'0': {'precision': 0.7807167235494881, 'recall': 0.9511434511434511, 'f1-score': 0.8575445173383317, 'support': 962}, '1': {'precision': 0.6083333333333333, 'recall': 0.22121212121212122, 'f1-score': 0.3244444444444445, 'support': 330}, 'micro avg': {'precision': 0.7647058823529411, 'recall': 0.7647058823529411, 'f1-score': 0.7647058823529412, 'support': 1292}, 'macro avg': {'precision': 0.6945250284414106, 'recall': 0.5861777861777862, 'f1-score': 0.5909944808913881, 'support': 1292}, 'weighted avg': {'precision': 0.7366869102589841, 'recall': 0.7647058823529411, 'f1-score': 0.7213811860264256, 'support': 1292}}",0.23
5,clf,gboosting,min,all,ALL_NO_3_2_1,0_60,included,basic,0.76,{'n_estimators': 50},0.77,0.74,0.78,0.61,962.00,330.00,"{'0': {'precision': 0.7828326180257511, 'recall': 0.9480249480249481, 'f1-score': 0.8575458392101553, 'support': 962}, '1': {'precision': 0.6062992125984252, 'recall': 0.23333333333333334, 'f1-score': 0.33698030634573306, 'support': 330}, 'micro avg': {'precision': 0.7654798761609907, 'recall': 0.7654798761609907, 'f1-score': 0.7654798761609908, 'support': 1292}, 'macro avg': {'precision': 0.6945659153120882, 'recall': 0.5906791406791407, 'f1-score': 0.5972630727779442, 'support': 1292}, 'weighted avg': {'precision': 0.7377428163299171, 'recall': 0.7654798761609907, 'f1-score': 0.7245840545002022, 'support': 1292}}",0.57
6,clf,ada,min,all,ALL_NO_3_2_1,0_60,included,basic,0.76,{'n_estimators': 200},0.76,0.74,0.79,0.57,962.00,330.00,"{'0': {'precision': 0.7928571428571428, 'recall': 0.9230769230769231, 'f1-score': 0.8530259365994235, 'support': 962}, '1': {'precision': 0.5697674418604651, 'recall': 0.296969696969697, 'f1-score': 0.3904382470119522, 'support': 330}, 'micro avg': {'precision': 0.7631578947368421, 'recall': 0.7631578947368421, 'f1-score': 0.7631578947368421, 'support': 1292}, 'macro avg': {'precision': 0.681312292358804, 'recall': 0.6100233100233101, 'f1-score': 0.6217320918056879, 'support': 1292}, 'weighted avg': {'precision': 0.735876027277496, 'recall': 0.7631578947368421, 'f1-score': 0.7348727341506112, 'support': 1292}}",0.66
0,reg,kn,min,all,ALL_NO_3_2_1,0_60,included,basic,16.36,{'n_neighbors': 31},,,,,,,16.70,2.29
1,reg,svr-rbf,min,all,ALL_NO_3_2_1,0_60,included,basic,18.85,"{'C': 5, 'gamma': 4}",,,,,,,18.63,5.43
2,reg,dtree,min,all,ALL_NO_3_2_1,0_60,included,basic,16.24,"{'max_depth': 4, 'min_samples_leaf': 100}",,,,,,,16.22,0.36
3,reg,rforest,min,all,ALL_NO_3_2_1,0_60,included,basic,15.80,"{'max_depth': 7, 'min_samples_leaf': 20, 'n_estimators': 100}",,,,,,,16.16,32.95
4,reg,xgb,min,all,ALL_NO_3_2_1,0_60,included,basic,15.86,{'n_estimators': 50},,,,,,,16.30,0.23
5,reg,gboosting,min,all,ALL_NO_3_2_1,0_60,included,basic,15.83,{'n_estimators': 50},,,,,,,16.36,0.46
6,reg,ada,min,all,ALL_NO_3_2_1,0_60,included,basic,17.54,{'n_estimators': 10},,,,,,,18.18,0.57
0,clf,kn,max,basic,ALL_YES_1_1_1,0_60,included,basic,0.78,{'n_neighbors': 61},0.79,0.80,0.79,0.82,720.00,197.00,"{'0': {'precision': 0.7924944812362031, 'recall': 0.9972222222222222, 'f1-score': 0.8831488314883149, 'support': 720}, '1': {'precision': 0.8181818181818182, 'recall': 0.04568527918781726, 'f1-score': 0.08653846153846152, 'support': 197}, 'micro avg': {'precision': 0.7928026172300982, 'recall': 0.7928026172300982, 'f1-score': 0.7928026172300982, 'support': 917}, 'macro avg': {'precision': 0.8053381497090106, 'recall': 0.5214537507050198, 'f1-score': 0.48484364651338824, 'support': 917}, 'weighted avg': {'precision': 0.7980129167632327, 'recall': 0.7928026172300982, 'f1-score': 0.712012252556885, 'support': 917}}",1.66
1,clf,svc-rbf,max,basic,ALL_YES_1_1_1,0_60,included,basic,0.77,"{'C': 1, 'gamma': 1}",0.79,0.62,0.79,0.00,720.00,197.00,"{'0': {'precision': 0.7851690294438386, 'recall': 1.0, 'f1-score': 0.8796579108124618, 'support': 720}, '1': {'precision': 0.0, 'recall': 0.0, 'f1-score': 0.0, 'support': 197}, 'micro avg': {'precision': 0.7851690294438386, 'recall': 0.7851690294438386, 'f1-score': 0.7851690294438386, 'support': 917}, 'macro avg': {'precision': 0.3925845147219193, 'recall': 0.5, 'f1-score': 0.4398289554062309, 'support': 917}, 'weighted avg': {'precision': 0.6164904047977795, 'recall': 0.7851690294438386, 'f1-score': 0.6906801480752154, 'support': 917}}",2.96
2,clf,dtree,max,basic,ALL_YES_1_1_1,0_60,included,basic,0.77,"{'max_depth': 2, 'min_samples_leaf': 250}",0.79,0.74,0.81,0.52,720.00,197.00,"{'0': {'precision': 0.8063010501750292, 'recall': 0.9597222222222223, 'f1-score': 0.8763474952441345, 'support': 720}, '1': {'precision': 0.5166666666666667, 'recall': 0.15736040609137056, 'f1-score': 0.24124513618677043, 'support': 197}, 'micro avg': {'precision': 0.787350054525627, 'recall': 0.787350054525627, 'f1-score': 0.787350054525627, 'support': 917}, 'macro avg': {'precision': 0.661483858420848, 'recall': 0.5585413141567964, 'f1-score': 0.5587963157154524, 'support': 917}, 'weighted avg': {'precision': 0.7440786144594922, 'recall': 0.787350054525627, 'f1-score': 0.7399078390453333, 'support': 917}}",0.23
3,clf,rforest,max,basic,ALL_YES_1_1_1,0_60,included,basic,0.78,"{'max_depth': 6, 'min_samples_leaf': 10, 'n_estimators': 200}",0.79,0.76,0.79,0.67,720.00,197.00,"{'0': {'precision': 0.7881448957189902, 'recall': 0.9972222222222222, 'f1-score': 0.8804414469650522, 'support': 720}, '1': {'precision': 0.6666666666666666, 'recall': 0.02030456852791878, 'f1-score': 0.03940886699507389, 'support': 197}, 'micro avg': {'precision': 0.787350054525627, 'recall': 0.787350054525627, 'f1-score': 0.787350054525627, 'support': 917}, 'macro avg': {'precision': 0.7274057811928284, 'recall': 0.5087633953750705, 'f1-score': 0.45992515698006303, 'support': 917}, 'weighted avg': {'precision': 0.7620476098702358, 'recall': 0.787350054525627, 'f1-score': 0.6997616015407494, 'support': 917}}",14.29
4,clf,xgb,max,basic,ALL_YES_1_1_1,0_60,included,basic,0.78,{'n_estimators': 100},0.79,0.75,0.80,0.57,720.00,197.00,"{'0': {'precision': 0.8, 'recall': 0.9777777777777777, 'f1-score': 0.8800000000000001, 'support': 720}, '1': {'precision': 0.5675675675675675, 'recall': 0.1065989847715736, 'f1-score': 0.1794871794871795, 'support': 197}, 'micro avg': {'precision': 0.7906215921483097, 'recall': 0.7906215921483097, 'f1-score': 0.7906215921483097, 'support': 917}, 'macro avg': {'precision': 0.6837837837837838, 'recall': 0.5421883812746757, 'f1-score': 0.5297435897435898, 'support': 917}, 'weighted avg': {'precision': 0.7500663149518112, 'recall': 0.7906215921483097, 'f1-score': 0.7295081508821969, 'support': 917}}",0.17
5,clf,gboosting,max,basic,ALL_YES_1_1_1,0_60,included,basic,0.78,{'n_estimators': 50},0.79,0.76,0.80,0.60,720.00,197.00,"{'0': {'precision': 0.798196166854566, 'recall': 0.9833333333333333, 'f1-score': 0.881144990665837, 'support': 720}, '1': {'precision': 0.6, 'recall': 0.09137055837563451, 'f1-score': 0.15859030837004406, 'support': 197}, 'micro avg': {'precision': 0.7917121046892039, 'recall': 0.7917121046892039, 'f1-score': 0.7917121046892039, 'support': 917}, 'macro avg': {'precision': 0.699098083427283, 'recall': 0.5373519458544839, 'f1-score': 0.5198676495179405, 'support': 917}, 'weighted avg': {'precision': 0.7556174919686887, 'recall': 0.7917121046892039, 'f1-score': 0.7259178669883328, 'support': 917}}",0.39
6,clf,ada,max,basic,ALL_YES_1_1_1,0_60,included,basic,0.78,{'n_estimators': 10},0.79,0.76,0.80,0.60,720.00,197.00,"{'0': {'precision': 0.800453514739229, 'recall': 0.9805555555555555, 'f1-score': 0.881398252184769, 'support': 720}, '1': {'precision': 0.6, 'recall': 0.1065989847715736, 'f1-score': 0.18103448275862072, 'support': 197}, 'micro avg': {'precision': 0.7928026172300982, 'recall': 0.7928026172300982, 'f1-score': 0.7928026172300982, 'support': 917}, 'macro avg': {'precision': 0.7002267573696145, 'recall': 0.5435772701635646, 'f1-score': 0.5312163674716949, 'support': 917}, 'weighted avg': {'precision': 0.7573898916164066, 'recall': 0.7928026172300982, 'f1-score': 0.7309384238565779, 'support': 917}}",0.47
0,reg,kn,max,basic,ALL_YES_1_1_1,0_60,included,basic,15.29,{'n_neighbors': 41},,,,,,,15.18,1.48
1,reg,svr-rbf,max,basic,ALL_YES_1_1_1,0_60,included,basic,17.59,"{'C': 5, 'gamma': 1}",,,,,,,17.36,2.70
2,reg,dtree,max,basic,ALL_YES_1_1_1,0_60,included,basic,15.59,"{'max_depth': 5, 'min_samples_leaf': 200}",,,,,,,15.27,0.22
3,reg,rforest,max,basic,ALL_YES_1_1_1,0_60,included,basic,15.04,"{'max_depth': 7, 'min_samples_leaf': 10, 'n_estimators': 200}",,,,,,,14.74,20.39
4,reg,xgb,max,basic,ALL_YES_1_1_1,0_60,included,basic,15.07,{'n_estimators': 100},,,,,,,14.67,0.17
5,reg,gboosting,max,basic,ALL_YES_1_1_1,0_60,included,basic,15.06,{'n_estimators': 100},,,,,,,14.61,0.30
6,reg,ada,max,basic,ALL_YES_1_1_1,0_60,included,basic,16.67,{'n_estimators': 10},,,,,,,16.72,0.16
0,clf,kn,min,basic,ALL_YES_1_1_1,0_60,included,basic,0.78,{'n_neighbors': 41},0.78,0.72,0.79,0.50,712.00,205.00,"{'0': {'precision': 0.7857948139797069, 'recall': 0.9789325842696629, 'f1-score': 0.8717948717948718, 'support': 712}, '1': {'precision': 0.5, 'recall': 0.07317073170731707, 'f1-score': 0.1276595744680851, 'support': 205}, 'micro avg': {'precision': 0.7764449291166848, 'recall': 0.7764449291166848, 'f1-score': 0.7764449291166848, 'support': 917}, 'macro avg': {'precision': 0.6428974069898534, 'recall': 0.52605165798849, 'f1-score': 0.49972722313147844, 'support': 917}, 'weighted avg': {'precision': 0.7219039340823896, 'recall': 0.7764449291166848, 'f1-score': 0.7054396526542052, 'support': 917}}",1.53
1,clf,svc-rbf,min,basic,ALL_YES_1_1_1,0_60,included,basic,0.77,"{'C': 1, 'gamma': 1}",0.78,0.60,0.78,0.00,712.00,205.00,"{'0': {'precision': 0.7764449291166848, 'recall': 1.0, 'f1-score': 0.8741559238796808, 'support': 712}, '1': {'precision': 0.0, 'recall': 0.0, 'f1-score': 0.0, 'support': 205}, 'micro avg': {'precision': 0.7764449291166848, 'recall': 0.7764449291166848, 'f1-score': 0.7764449291166848, 'support': 917}, 'macro avg': {'precision': 0.3882224645583424, 'recall': 0.5, 'f1-score': 0.4370779619398404, 'support': 917}, 'weighted avg': {'precision': 0.6028667279510137, 'recall': 0.7764449291166848, 'f1-score': 0.6787339343536889, 'support': 917}}",3.08
2,clf,dtree,min,basic,ALL_YES_1_1_1,0_60,included,basic,0.79,"{'max_depth': 4, 'min_samples_leaf': 10}",0.78,0.73,0.79,0.51,712.00,205.00,"{'0': {'precision': 0.7906178489702517, 'recall': 0.9705056179775281, 'f1-score': 0.8713745271122321, 'support': 712}, '1': {'precision': 0.5116279069767442, 'recall': 0.1073170731707317, 'f1-score': 0.1774193548387097, 'support': 205}, 'micro avg': {'precision': 0.777535441657579, 'recall': 0.777535441657579, 'f1-score': 0.777535441657579, 'support': 917}, 'macro avg': {'precision': 0.6511228779734979, 'recall': 0.5389113455741299, 'f1-score': 0.5243969409754708, 'support': 917}, 'weighted avg': {'precision': 0.7282482327121611, 'recall': 0.777535441657579, 'f1-score': 0.7162373293847817, 'support': 917}}",0.24
3,clf,rforest,min,basic,ALL_YES_1_1_1,0_60,included,basic,0.78,"{'max_depth': 7, 'min_samples_leaf': 20, 'n_estimators': 10}",0.77,0.71,0.79,0.46,712.00,205.00,"{'0': {'precision': 0.7870159453302962, 'recall': 0.9705056179775281, 'f1-score': 0.869182389937107, 'support': 712}, '1': {'precision': 0.46153846153846156, 'recall': 0.08780487804878048, 'f1-score': 0.14754098360655737, 'support': 205}, 'micro avg': {'precision': 0.7731733914940022, 'recall': 0.7731733914940022, 'f1-score': 0.7731733914940022, 'support': 917}, 'macro avg': {'precision': 0.6242772034343789, 'recall': 0.5291552480131543, 'f1-score': 0.5083616867718321, 'support': 917}, 'weighted avg': {'precision': 0.7142538033702895, 'recall': 0.7731733914940022, 'f1-score': 0.7078557941925457, 'support': 917}}",14.48
4,clf,xgb,min,basic,ALL_YES_1_1_1,0_60,included,basic,0.79,{'n_estimators': 50},0.77,0.72,0.79,0.48,712.00,205.00,"{'0': {'precision': 0.7939464493597206, 'recall': 0.9578651685393258, 'f1-score': 0.8682367918523233, 'support': 712}, '1': {'precision': 0.4827586206896552, 'recall': 0.13658536585365855, 'f1-score': 0.21292775665399244, 'support': 205}, 'micro avg': {'precision': 0.7742639040348964, 'recall': 0.7742639040348964, 'f1-score': 0.7742639040348964, 'support': 917}, 'macro avg': {'precision': 0.6383525350246879, 'recall': 0.5472252671964921, 'f1-score': 0.5405822742531579, 'support': 917}, 'weighted avg': {'precision': 0.7243788322633592, 'recall': 0.7742639040348964, 'f1-score': 0.7217391340380835, 'support': 917}}",0.17
5,clf,gboosting,min,basic,ALL_YES_1_1_1,0_60,included,basic,0.79,{'n_estimators': 100},0.78,0.75,0.81,0.55,712.00,205.00,"{'0': {'precision': 0.8052256532066508, 'recall': 0.952247191011236, 'f1-score': 0.8725868725868726, 'support': 712}, '1': {'precision': 0.5466666666666666, 'recall': 0.2, 'f1-score': 0.2928571428571429, 'support': 205}, 'micro avg': {'precision': 0.7840785169029444, 'recall': 0.7840785169029444, 'f1-score': 0.7840785169029444, 'support': 917}, 'macro avg': {'precision': 0.6759461599366587, 'recall': 0.576123595505618, 'f1-score': 0.5827220077220078, 'support': 917}, 'weighted avg': {'precision': 0.7474234806431866, 'recall': 0.7840785169029444, 'f1-score': 0.7429853517639777, 'support': 917}}",0.40
6,clf,ada,min,basic,ALL_YES_1_1_1,0_60,included,basic,0.78,{'n_estimators': 50},0.78,0.73,0.80,0.50,712.00,205.00,"{'0': {'precision': 0.800711743772242, 'recall': 0.9480337078651685, 'f1-score': 0.8681672025723471, 'support': 712}, '1': {'precision': 0.5, 'recall': 0.18048780487804877, 'f1-score': 0.26523297491039427, 'support': 205}, 'micro avg': {'precision': 0.7764449291166848, 'recall': 0.7764449291166848, 'f1-score': 0.7764449291166848, 'support': 917}, 'macro avg': {'precision': 0.650355871886121, 'recall': 0.5642607563716087, 'f1-score': 0.5667000887413707, 'support': 917}, 'weighted avg': {'precision': 0.7334861085777932, 'recall': 0.7764449291166848, 'f1-score': 0.7333781985694025, 'support': 917}}",0.49
0,reg,kn,min,basic,ALL_YES_1_1_1,0_60,included,basic,15.66,{'n_neighbors': 31},,,,,,,14.68,1.62
1,reg,svr-rbf,min,basic,ALL_YES_1_1_1,0_60,included,basic,18.22,"{'C': 5, 'gamma': 4}",,,,,,,16.82,2.86
2,reg,dtree,min,basic,ALL_YES_1_1_1,0_60,included,basic,15.70,"{'max_depth': 6, 'min_samples_leaf': 50}",,,,,,,14.91,0.23
3,reg,rforest,min,basic,ALL_YES_1_1_1,0_60,included,basic,15.31,"{'max_depth': 7, 'min_samples_leaf': 10, 'n_estimators': 200}",,,,,,,14.41,20.50
4,reg,xgb,min,basic,ALL_YES_1_1_1,0_60,included,basic,15.48,{'n_estimators': 50},,,,,,,14.42,0.15
5,reg,gboosting,min,basic,ALL_YES_1_1_1,0_60,included,basic,15.72,{'n_estimators': 50},,,,,,,14.41,0.28
6,reg,ada,min,basic,ALL_YES_1_1_1,0_60,included,basic,17.57,{'n_estimators': 10},,,,,,,17.02,0.49
0,clf,kn,max,all,ALL_YES_1_1_1,0_60,included,basic,0.78,{'n_neighbors': 61},0.79,0.80,0.79,0.82,720.00,197.00,"{'0': {'precision': 0.7924944812362031, 'recall': 0.9972222222222222, 'f1-score': 0.8831488314883149, 'support': 720}, '1': {'precision': 0.8181818181818182, 'recall': 0.04568527918781726, 'f1-score': 0.08653846153846152, 'support': 197}, 'micro avg': {'precision': 0.7928026172300982, 'recall': 0.7928026172300982, 'f1-score': 0.7928026172300982, 'support': 917}, 'macro avg': {'precision': 0.8053381497090106, 'recall': 0.5214537507050198, 'f1-score': 0.48484364651338824, 'support': 917}, 'weighted avg': {'precision': 0.7980129167632327, 'recall': 0.7928026172300982, 'f1-score': 0.712012252556885, 'support': 917}}",1.49
1,clf,svc-rbf,max,all,ALL_YES_1_1_1,0_60,included,basic,0.77,"{'C': 1, 'gamma': 1}",0.79,0.62,0.79,0.00,720.00,197.00,"{'0': {'precision': 0.7851690294438386, 'recall': 1.0, 'f1-score': 0.8796579108124618, 'support': 720}, '1': {'precision': 0.0, 'recall': 0.0, 'f1-score': 0.0, 'support': 197}, 'micro avg': {'precision': 0.7851690294438386, 'recall': 0.7851690294438386, 'f1-score': 0.7851690294438386, 'support': 917}, 'macro avg': {'precision': 0.3925845147219193, 'recall': 0.5, 'f1-score': 0.4398289554062309, 'support': 917}, 'weighted avg': {'precision': 0.6164904047977795, 'recall': 0.7851690294438386, 'f1-score': 0.6906801480752154, 'support': 917}}",2.98
2,clf,dtree,max,all,ALL_YES_1_1_1,0_60,included,basic,0.77,"{'max_depth': 2, 'min_samples_leaf': 250}",0.79,0.74,0.81,0.52,720.00,197.00,"{'0': {'precision': 0.8063010501750292, 'recall': 0.9597222222222223, 'f1-score': 0.8763474952441345, 'support': 720}, '1': {'precision': 0.5166666666666667, 'recall': 0.15736040609137056, 'f1-score': 0.24124513618677043, 'support': 197}, 'micro avg': {'precision': 0.787350054525627, 'recall': 0.787350054525627, 'f1-score': 0.787350054525627, 'support': 917}, 'macro avg': {'precision': 0.661483858420848, 'recall': 0.5585413141567964, 'f1-score': 0.5587963157154524, 'support': 917}, 'weighted avg': {'precision': 0.7440786144594922, 'recall': 0.787350054525627, 'f1-score': 0.7399078390453333, 'support': 917}}",0.24
3,clf,rforest,max,all,ALL_YES_1_1_1,0_60,included,basic,0.78,"{'max_depth': 6, 'min_samples_leaf': 10, 'n_estimators': 200}",0.79,0.76,0.79,0.67,720.00,197.00,"{'0': {'precision': 0.7881448957189902, 'recall': 0.9972222222222222, 'f1-score': 0.8804414469650522, 'support': 720}, '1': {'precision': 0.6666666666666666, 'recall': 0.02030456852791878, 'f1-score': 0.03940886699507389, 'support': 197}, 'micro avg': {'precision': 0.787350054525627, 'recall': 0.787350054525627, 'f1-score': 0.787350054525627, 'support': 917}, 'macro avg': {'precision': 0.7274057811928284, 'recall': 0.5087633953750705, 'f1-score': 0.45992515698006303, 'support': 917}, 'weighted avg': {'precision': 0.7620476098702358, 'recall': 0.787350054525627, 'f1-score': 0.6997616015407494, 'support': 917}}",14.31
4,clf,xgb,max,all,ALL_YES_1_1_1,0_60,included,basic,0.78,{'n_estimators': 100},0.79,0.75,0.80,0.57,720.00,197.00,"{'0': {'precision': 0.8, 'recall': 0.9777777777777777, 'f1-score': 0.8800000000000001, 'support': 720}, '1': {'precision': 0.5675675675675675, 'recall': 0.1065989847715736, 'f1-score': 0.1794871794871795, 'support': 197}, 'micro avg': {'precision': 0.7906215921483097, 'recall': 0.7906215921483097, 'f1-score': 0.7906215921483097, 'support': 917}, 'macro avg': {'precision': 0.6837837837837838, 'recall': 0.5421883812746757, 'f1-score': 0.5297435897435898, 'support': 917}, 'weighted avg': {'precision': 0.7500663149518112, 'recall': 0.7906215921483097, 'f1-score': 0.7295081508821969, 'support': 917}}",0.17
5,clf,gboosting,max,all,ALL_YES_1_1_1,0_60,included,basic,0.78,{'n_estimators': 50},0.79,0.76,0.80,0.60,720.00,197.00,"{'0': {'precision': 0.798196166854566, 'recall': 0.9833333333333333, 'f1-score': 0.881144990665837, 'support': 720}, '1': {'precision': 0.6, 'recall': 0.09137055837563451, 'f1-score': 0.15859030837004406, 'support': 197}, 'micro avg': {'precision': 0.7917121046892039, 'recall': 0.7917121046892039, 'f1-score': 0.7917121046892039, 'support': 917}, 'macro avg': {'precision': 0.699098083427283, 'recall': 0.5373519458544839, 'f1-score': 0.5198676495179405, 'support': 917}, 'weighted avg': {'precision': 0.7556174919686887, 'recall': 0.7917121046892039, 'f1-score': 0.7259178669883328, 'support': 917}}",0.37
6,clf,ada,max,all,ALL_YES_1_1_1,0_60,included,basic,0.78,{'n_estimators': 10},0.79,0.76,0.80,0.60,720.00,197.00,"{'0': {'precision': 0.800453514739229, 'recall': 0.9805555555555555, 'f1-score': 0.881398252184769, 'support': 720}, '1': {'precision': 0.6, 'recall': 0.1065989847715736, 'f1-score': 0.18103448275862072, 'support': 197}, 'micro avg': {'precision': 0.7928026172300982, 'recall': 0.7928026172300982, 'f1-score': 0.7928026172300982, 'support': 917}, 'macro avg': {'precision': 0.7002267573696145, 'recall': 0.5435772701635646, 'f1-score': 0.5312163674716949, 'support': 917}, 'weighted avg': {'precision': 0.7573898916164066, 'recall': 0.7928026172300982, 'f1-score': 0.7309384238565779, 'support': 917}}",0.44
0,reg,kn,max,all,ALL_YES_1_1_1,0_60,included,basic,15.29,{'n_neighbors': 41},,,,,,,15.18,1.41
1,reg,svr-rbf,max,all,ALL_YES_1_1_1,0_60,included,basic,17.59,"{'C': 5, 'gamma': 1}",,,,,,,17.36,2.72
2,reg,dtree,max,all,ALL_YES_1_1_1,0_60,included,basic,15.59,"{'max_depth': 5, 'min_samples_leaf': 200}",,,,,,,15.27,0.23
3,reg,rforest,max,all,ALL_YES_1_1_1,0_60,included,basic,15.04,"{'max_depth': 7, 'min_samples_leaf': 10, 'n_estimators': 200}",,,,,,,14.74,20.96
4,reg,xgb,max,all,ALL_YES_1_1_1,0_60,included,basic,15.07,{'n_estimators': 100},,,,,,,14.67,0.16
5,reg,gboosting,max,all,ALL_YES_1_1_1,0_60,included,basic,15.06,{'n_estimators': 100},,,,,,,14.61,0.29
6,reg,ada,max,all,ALL_YES_1_1_1,0_60,included,basic,16.67,{'n_estimators': 10},,,,,,,16.72,0.16
0,clf,kn,min,all,ALL_YES_1_1_1,0_60,included,basic,0.78,{'n_neighbors': 41},0.78,0.72,0.79,0.50,712.00,205.00,"{'0': {'precision': 0.7857948139797069, 'recall': 0.9789325842696629, 'f1-score': 0.8717948717948718, 'support': 712}, '1': {'precision': 0.5, 'recall': 0.07317073170731707, 'f1-score': 0.1276595744680851, 'support': 205}, 'micro avg': {'precision': 0.7764449291166848, 'recall': 0.7764449291166848, 'f1-score': 0.7764449291166848, 'support': 917}, 'macro avg': {'precision': 0.6428974069898534, 'recall': 0.52605165798849, 'f1-score': 0.49972722313147844, 'support': 917}, 'weighted avg': {'precision': 0.7219039340823896, 'recall': 0.7764449291166848, 'f1-score': 0.7054396526542052, 'support': 917}}",1.49
1,clf,svc-rbf,min,all,ALL_YES_1_1_1,0_60,included,basic,0.77,"{'C': 1, 'gamma': 1}",0.78,0.60,0.78,0.00,712.00,205.00,"{'0': {'precision': 0.7764449291166848, 'recall': 1.0, 'f1-score': 0.8741559238796808, 'support': 712}, '1': {'precision': 0.0, 'recall': 0.0, 'f1-score': 0.0, 'support': 205}, 'micro avg': {'precision': 0.7764449291166848, 'recall': 0.7764449291166848, 'f1-score': 0.7764449291166848, 'support': 917}, 'macro avg': {'precision': 0.3882224645583424, 'recall': 0.5, 'f1-score': 0.4370779619398404, 'support': 917}, 'weighted avg': {'precision': 0.6028667279510137, 'recall': 0.7764449291166848, 'f1-score': 0.6787339343536889, 'support': 917}}",2.98
2,clf,dtree,min,all,ALL_YES_1_1_1,0_60,included,basic,0.79,"{'max_depth': 4, 'min_samples_leaf': 10}",0.78,0.73,0.79,0.51,712.00,205.00,"{'0': {'precision': 0.7906178489702517, 'recall': 0.9705056179775281, 'f1-score': 0.8713745271122321, 'support': 712}, '1': {'precision': 0.5116279069767442, 'recall': 0.1073170731707317, 'f1-score': 0.1774193548387097, 'support': 205}, 'micro avg': {'precision': 0.777535441657579, 'recall': 0.777535441657579, 'f1-score': 0.777535441657579, 'support': 917}, 'macro avg': {'precision': 0.6511228779734979, 'recall': 0.5389113455741299, 'f1-score': 0.5243969409754708, 'support': 917}, 'weighted avg': {'precision': 0.7282482327121611, 'recall': 0.777535441657579, 'f1-score': 0.7162373293847817, 'support': 917}}",0.23
3,clf,rforest,min,all,ALL_YES_1_1_1,0_60,included,basic,0.78,"{'max_depth': 7, 'min_samples_leaf': 20, 'n_estimators': 10}",0.77,0.71,0.79,0.46,712.00,205.00,"{'0': {'precision': 0.7870159453302962, 'recall': 0.9705056179775281, 'f1-score': 0.869182389937107, 'support': 712}, '1': {'precision': 0.46153846153846156, 'recall': 0.08780487804878048, 'f1-score': 0.14754098360655737, 'support': 205}, 'micro avg': {'precision': 0.7731733914940022, 'recall': 0.7731733914940022, 'f1-score': 0.7731733914940022, 'support': 917}, 'macro avg': {'precision': 0.6242772034343789, 'recall': 0.5291552480131543, 'f1-score': 0.5083616867718321, 'support': 917}, 'weighted avg': {'precision': 0.7142538033702895, 'recall': 0.7731733914940022, 'f1-score': 0.7078557941925457, 'support': 917}}",13.56
4,clf,xgb,min,all,ALL_YES_1_1_1,0_60,included,basic,0.79,{'n_estimators': 50},0.77,0.72,0.79,0.48,712.00,205.00,"{'0': {'precision': 0.7939464493597206, 'recall': 0.9578651685393258, 'f1-score': 0.8682367918523233, 'support': 712}, '1': {'precision': 0.4827586206896552, 'recall': 0.13658536585365855, 'f1-score': 0.21292775665399244, 'support': 205}, 'micro avg': {'precision': 0.7742639040348964, 'recall': 0.7742639040348964, 'f1-score': 0.7742639040348964, 'support': 917}, 'macro avg': {'precision': 0.6383525350246879, 'recall': 0.5472252671964921, 'f1-score': 0.5405822742531579, 'support': 917}, 'weighted avg': {'precision': 0.7243788322633592, 'recall': 0.7742639040348964, 'f1-score': 0.7217391340380835, 'support': 917}}",0.16
5,clf,gboosting,min,all,ALL_YES_1_1_1,0_60,included,basic,0.79,{'n_estimators': 100},0.78,0.75,0.81,0.55,712.00,205.00,"{'0': {'precision': 0.8052256532066508, 'recall': 0.952247191011236, 'f1-score': 0.8725868725868726, 'support': 712}, '1': {'precision': 0.5466666666666666, 'recall': 0.2, 'f1-score': 0.2928571428571429, 'support': 205}, 'micro avg': {'precision': 0.7840785169029444, 'recall': 0.7840785169029444, 'f1-score': 0.7840785169029444, 'support': 917}, 'macro avg': {'precision': 0.6759461599366587, 'recall': 0.576123595505618, 'f1-score': 0.5827220077220078, 'support': 917}, 'weighted avg': {'precision': 0.7474234806431866, 'recall': 0.7840785169029444, 'f1-score': 0.7429853517639777, 'support': 917}}",0.39
6,clf,ada,min,all,ALL_YES_1_1_1,0_60,included,basic,0.78,{'n_estimators': 50},0.78,0.73,0.80,0.50,712.00,205.00,"{'0': {'precision': 0.800711743772242, 'recall': 0.9480337078651685, 'f1-score': 0.8681672025723471, 'support': 712}, '1': {'precision': 0.5, 'recall': 0.18048780487804877, 'f1-score': 0.26523297491039427, 'support': 205}, 'micro avg': {'precision': 0.7764449291166848, 'recall': 0.7764449291166848, 'f1-score': 0.7764449291166848, 'support': 917}, 'macro avg': {'precision': 0.650355871886121, 'recall': 0.5642607563716087, 'f1-score': 0.5667000887413707, 'support': 917}, 'weighted avg': {'precision': 0.7334861085777932, 'recall': 0.7764449291166848, 'f1-score': 0.7333781985694025, 'support': 917}}",0.47
0,reg,kn,min,all,ALL_YES_1_1_1,0_60,included,basic,15.66,{'n_neighbors': 31},,,,,,,14.68,1.51
1,reg,svr-rbf,min,all,ALL_YES_1_1_1,0_60,included,basic,18.22,"{'C': 5, 'gamma': 4}",,,,,,,16.82,2.89
2,reg,dtree,min,all,ALL_YES_1_1_1,0_60,included,basic,15.70,"{'max_depth': 6, 'min_samples_leaf': 50}",,,,,,,14.91,0.24
3,reg,rforest,min,all,ALL_YES_1_1_1,0_60,included,basic,15.31,"{'max_depth': 7, 'min_samples_leaf': 10, 'n_estimators': 200}",,,,,,,14.41,21.65
4,reg,xgb,min,all,ALL_YES_1_1_1,0_60,included,basic,15.48,{'n_estimators': 50},,,,,,,14.42,0.15
5,reg,gboosting,min,all,ALL_YES_1_1_1,0_60,included,basic,15.72,{'n_estimators': 50},,,,,,,14.41,0.28
6,reg,ada,min,all,ALL_YES_1_1_1,0_60,included,basic,17.57,{'n_estimators': 10},,,,,,,17.02,0.49
0,clf,kn,max,basic,ALL_YES_3_2_1,0_60,included,basic,0.78,{'n_neighbors': 51},0.79,0.76,0.79,0.65,720.00,197.00,"{'0': {'precision': 0.7933333333333333, 'recall': 0.9916666666666667, 'f1-score': 0.8814814814814814, 'support': 720}, '1': {'precision': 0.6470588235294118, 'recall': 0.05583756345177665, 'f1-score': 0.102803738317757, 'support': 197}, 'micro avg': {'precision': 0.7906215921483097, 'recall': 0.7906215921483097, 'f1-score': 0.7906215921483097, 'support': 917}, 'macro avg': {'precision': 0.7201960784313726, 'recall': 0.5237521150592217, 'f1-score': 0.4921426098996192, 'support': 917}, 'weighted avg': {'precision': 0.7619090384245302, 'recall': 0.7906215921483097, 'f1-score': 0.7141973861671371, 'support': 917}}",1.84
1,clf,svc-rbf,max,basic,ALL_YES_3_2_1,0_60,included,basic,0.77,"{'C': 1, 'gamma': 1}",0.79,0.62,0.79,0.00,720.00,197.00,"{'0': {'precision': 0.7851690294438386, 'recall': 1.0, 'f1-score': 0.8796579108124618, 'support': 720}, '1': {'precision': 0.0, 'recall': 0.0, 'f1-score': 0.0, 'support': 197}, 'micro avg': {'precision': 0.7851690294438386, 'recall': 0.7851690294438386, 'f1-score': 0.7851690294438386, 'support': 917}, 'macro avg': {'precision': 0.3925845147219193, 'recall': 0.5, 'f1-score': 0.4398289554062309, 'support': 917}, 'weighted avg': {'precision': 0.6164904047977795, 'recall': 0.7851690294438386, 'f1-score': 0.6906801480752154, 'support': 917}}",2.88
2,clf,dtree,max,basic,ALL_YES_3_2_1,0_60,included,basic,0.77,"{'max_depth': 2, 'min_samples_leaf': 250}",0.79,0.74,0.81,0.52,720.00,197.00,"{'0': {'precision': 0.8063010501750292, 'recall': 0.9597222222222223, 'f1-score': 0.8763474952441345, 'support': 720}, '1': {'precision': 0.5166666666666667, 'recall': 0.15736040609137056, 'f1-score': 0.24124513618677043, 'support': 197}, 'micro avg': {'precision': 0.787350054525627, 'recall': 0.787350054525627, 'f1-score': 0.787350054525627, 'support': 917}, 'macro avg': {'precision': 0.661483858420848, 'recall': 0.5585413141567964, 'f1-score': 0.5587963157154524, 'support': 917}, 'weighted avg': {'precision': 0.7440786144594922, 'recall': 0.787350054525627, 'f1-score': 0.7399078390453333, 'support': 917}}",0.24
3,clf,rforest,max,basic,ALL_YES_3_2_1,0_60,included,basic,0.78,"{'max_depth': 7, 'min_samples_leaf': 10, 'n_estimators': 100}",0.80,0.79,0.80,0.75,720.00,197.00,"{'0': {'precision': 0.7971014492753623, 'recall': 0.9930555555555556, 'f1-score': 0.8843537414965986, 'support': 720}, '1': {'precision': 0.75, 'recall': 0.07614213197969544, 'f1-score': 0.1382488479262673, 'support': 197}, 'micro avg': {'precision': 0.7960741548527808, 'recall': 0.7960741548527808, 'f1-score': 0.7960741548527809, 'support': 917}, 'macro avg': {'precision': 0.7735507246376812, 'recall': 0.5345988437676255, 'f1-score': 0.5113012947114329, 'support': 917}, 'weighted avg': {'precision': 0.7869825992129345, 'recall': 0.7960741548527808, 'f1-score': 0.7240673030741828, 'support': 917}}",14.18
4,clf,xgb,max,basic,ALL_YES_3_2_1,0_60,included,basic,0.78,{'n_estimators': 50},0.79,0.77,0.80,0.66,720.00,197.00,"{'0': {'precision': 0.7995495495495496, 'recall': 0.9861111111111112, 'f1-score': 0.8830845771144279, 'support': 720}, '1': {'precision': 0.6551724137931034, 'recall': 0.09644670050761421, 'f1-score': 0.168141592920354, 'support': 197}, 'micro avg': {'precision': 0.7949836423118866, 'recall': 0.7949836423118866, 'f1-score': 0.7949836423118866, 'support': 917}, 'macro avg': {'precision': 0.7273609816713265, 'recall': 0.5412789058093627, 'f1-score': 0.5256130850173909, 'support': 917}, 'weighted avg': {'precision': 0.7685328693488737, 'recall': 0.7949836423118866, 'f1-score': 0.7294926819276967, 'support': 917}}",0.17
5,clf,gboosting,max,basic,ALL_YES_3_2_1,0_60,included,basic,0.78,{'n_estimators': 100},0.80,0.77,0.81,0.64,720.00,197.00,"{'0': {'precision': 0.8096885813148789, 'recall': 0.975, 'f1-score': 0.88468809073724, 'support': 720}, '1': {'precision': 0.64, 'recall': 0.16243654822335024, 'f1-score': 0.2591093117408907, 'support': 197}, 'micro avg': {'precision': 0.8004362050163577, 'recall': 0.8004362050163577, 'f1-score': 0.8004362050163577, 'support': 917}, 'macro avg': {'precision': 0.7248442906574395, 'recall': 0.5687182741116751, 'f1-score': 0.5718987012390653, 'support': 917}, 'weighted avg': {'precision': 0.7732342186987055, 'recall': 0.8004362050163577, 'f1-score': 0.7502943944861159, 'support': 917}}",0.42
6,clf,ada,max,basic,ALL_YES_3_2_1,0_60,included,basic,0.78,{'n_estimators': 10},0.79,0.76,0.80,0.60,720.00,197.00,"{'0': {'precision': 0.800453514739229, 'recall': 0.9805555555555555, 'f1-score': 0.881398252184769, 'support': 720}, '1': {'precision': 0.6, 'recall': 0.1065989847715736, 'f1-score': 0.18103448275862072, 'support': 197}, 'micro avg': {'precision': 0.7928026172300982, 'recall': 0.7928026172300982, 'f1-score': 0.7928026172300982, 'support': 917}, 'macro avg': {'precision': 0.7002267573696145, 'recall': 0.5435772701635646, 'f1-score': 0.5312163674716949, 'support': 917}, 'weighted avg': {'precision': 0.7573898916164066, 'recall': 0.7928026172300982, 'f1-score': 0.7309384238565779, 'support': 917}}",0.50
0,reg,kn,max,basic,ALL_YES_3_2_1,0_60,included,basic,15.30,{'n_neighbors': 41},,,,,,,15.19,1.98
1,reg,svr-rbf,max,basic,ALL_YES_3_2_1,0_60,included,basic,17.59,"{'C': 5, 'gamma': 1}",,,,,,,17.36,2.78
2,reg,dtree,max,basic,ALL_YES_3_2_1,0_60,included,basic,15.53,"{'max_depth': 4, 'min_samples_leaf': 10}",,,,,,,15.27,0.23
3,reg,rforest,max,basic,ALL_YES_3_2_1,0_60,included,basic,15.04,"{'max_depth': 7, 'min_samples_leaf': 10, 'n_estimators': 200}",,,,,,,14.76,21.23
4,reg,xgb,max,basic,ALL_YES_3_2_1,0_60,included,basic,15.27,{'n_estimators': 100},,,,,,,14.81,0.17
5,reg,gboosting,max,basic,ALL_YES_3_2_1,0_60,included,basic,15.17,{'n_estimators': 50},,,,,,,14.87,0.30
6,reg,ada,max,basic,ALL_YES_3_2_1,0_60,included,basic,17.10,{'n_estimators': 10},,,,,,,16.48,0.21
0,clf,kn,min,basic,ALL_YES_3_2_1,0_60,included,basic,0.78,{'n_neighbors': 21},0.78,0.74,0.79,0.57,712.00,205.00,"{'0': {'precision': 0.7938144329896907, 'recall': 0.973314606741573, 'f1-score': 0.8744479495268137, 'support': 712}, '1': {'precision': 0.5681818181818182, 'recall': 0.12195121951219512, 'f1-score': 0.20080321285140562, 'support': 205}, 'micro avg': {'precision': 0.7829880043620502, 'recall': 0.7829880043620502, 'f1-score': 0.7829880043620502, 'support': 917}, 'macro avg': {'precision': 0.6809981255857545, 'recall': 0.547632913126884, 'f1-score': 0.5376255811891096, 'support': 917}, 'weighted avg': {'precision': 0.743373117792729, 'recall': 0.7829880043620502, 'f1-score': 0.7238512526691706, 'support': 917}}",1.86
1,clf,svc-rbf,min,basic,ALL_YES_3_2_1,0_60,included,basic,0.77,"{'C': 1, 'gamma': 1}",0.78,0.60,0.78,0.00,712.00,205.00,"{'0': {'precision': 0.7764449291166848, 'recall': 1.0, 'f1-score': 0.8741559238796808, 'support': 712}, '1': {'precision': 0.0, 'recall': 0.0, 'f1-score': 0.0, 'support': 205}, 'micro avg': {'precision': 0.7764449291166848, 'recall': 0.7764449291166848, 'f1-score': 0.7764449291166848, 'support': 917}, 'macro avg': {'precision': 0.3882224645583424, 'recall': 0.5, 'f1-score': 0.4370779619398404, 'support': 917}, 'weighted avg': {'precision': 0.6028667279510137, 'recall': 0.7764449291166848, 'f1-score': 0.6787339343536889, 'support': 917}}",3.05
2,clf,dtree,min,basic,ALL_YES_3_2_1,0_60,included,basic,0.79,"{'max_depth': 4, 'min_samples_leaf': 10}",0.77,0.71,0.79,0.43,712.00,205.00,"{'0': {'precision': 0.7886836027713626, 'recall': 0.9592696629213483, 'f1-score': 0.8656527249683144, 'support': 712}, '1': {'precision': 0.43137254901960786, 'recall': 0.1073170731707317, 'f1-score': 0.171875, 'support': 205}, 'micro avg': {'precision': 0.7688113413304253, 'recall': 0.7688113413304253, 'f1-score': 0.7688113413304253, 'support': 917}, 'macro avg': {'precision': 0.6100280758954852, 'recall': 0.53329336804604, 'f1-score': 0.5187638624841572, 'support': 917}, 'weighted avg': {'precision': 0.708804904822497, 'recall': 0.7688113413304253, 'f1-score': 0.7105551964857577, 'support': 917}}",0.24
3,clf,rforest,min,basic,ALL_YES_3_2_1,0_60,included,basic,0.78,"{'max_depth': 7, 'min_samples_leaf': 20, 'n_estimators': 50}",0.78,0.72,0.79,0.50,712.00,205.00,"{'0': {'precision': 0.7864406779661017, 'recall': 0.9775280898876404, 'f1-score': 0.8716343143393863, 'support': 712}, '1': {'precision': 0.5, 'recall': 0.07804878048780488, 'f1-score': 0.13502109704641352, 'support': 205}, 'micro avg': {'precision': 0.7764449291166848, 'recall': 0.7764449291166848, 'f1-score': 0.7764449291166848, 'support': 917}, 'macro avg': {'precision': 0.6432203389830509, 'recall': 0.5277884351877227, 'f1-score': 0.5033277056929, 'support': 917}, 'weighted avg': {'precision': 0.722405411899525, 'recall': 0.7764449291166848, 'f1-score': 0.706960694333869, 'support': 917}}",14.28
4,clf,xgb,min,basic,ALL_YES_3_2_1,0_60,included,basic,0.78,{'n_estimators': 10},0.78,0.72,0.79,0.50,712.00,205.00,"{'0': {'precision': 0.7890535917901939, 'recall': 0.9719101123595506, 'f1-score': 0.8709880427942102, 'support': 712}, '1': {'precision': 0.5, 'recall': 0.0975609756097561, 'f1-score': 0.163265306122449, 'support': 205}, 'micro avg': {'precision': 0.7764449291166848, 'recall': 0.7764449291166848, 'f1-score': 0.7764449291166848, 'support': 917}, 'macro avg': {'precision': 0.6445267958950969, 'recall': 0.5347355439846534, 'f1-score': 0.5171266744583296, 'support': 917}, 'weighted avg': {'precision': 0.7244341955884602, 'recall': 0.7764449291166848, 'f1-score': 0.7127730362318208, 'support': 917}}",0.15
5,clf,gboosting,min,basic,ALL_YES_3_2_1,0_60,included,basic,0.78,{'n_estimators': 50},0.78,0.74,0.80,0.54,712.00,205.00,"{'0': {'precision': 0.7997658079625293, 'recall': 0.9592696629213483, 'f1-score': 0.8722860791826309, 'support': 712}, '1': {'precision': 0.5396825396825397, 'recall': 0.16585365853658537, 'f1-score': 0.2537313432835821, 'support': 205}, 'micro avg': {'precision': 0.781897491821156, 'recall': 0.781897491821156, 'f1-score': 0.7818974918211559, 'support': 917}, 'macro avg': {'precision': 0.6697241738225345, 'recall': 0.5625616607289669, 'f1-score': 0.5630087112331065, 'support': 917}, 'weighted avg': {'precision': 0.7416228744866319, 'recall': 0.781897491821156, 'f1-score': 0.7340050313535087, 'support': 917}}",0.38
6,clf,ada,min,basic,ALL_YES_3_2_1,0_60,included,basic,0.78,{'n_estimators': 200},0.78,0.74,0.81,0.50,712.00,205.00,"{'0': {'precision': 0.8133498145859085, 'recall': 0.9241573033707865, 'f1-score': 0.8652202498356344, 'support': 712}, '1': {'precision': 0.5, 'recall': 0.2634146341463415, 'f1-score': 0.3450479233226837, 'support': 205}, 'micro avg': {'precision': 0.7764449291166848, 'recall': 0.7764449291166848, 'f1-score': 0.7764449291166848, 'support': 917}, 'macro avg': {'precision': 0.6566749072929543, 'recall': 0.593785968758564, 'f1-score': 0.605134086579159, 'support': 917}, 'weighted avg': {'precision': 0.7432988745748821, 'recall': 0.7764449291166848, 'f1-score': 0.7489330885104928, 'support': 917}}",0.49
0,reg,kn,min,basic,ALL_YES_3_2_1,0_60,included,basic,15.65,{'n_neighbors': 31},,,,,,,14.65,1.74
1,reg,svr-rbf,min,basic,ALL_YES_3_2_1,0_60,included,basic,18.22,"{'C': 5, 'gamma': 1}",,,,,,,16.82,2.85
2,reg,dtree,min,basic,ALL_YES_3_2_1,0_60,included,basic,15.73,"{'max_depth': 6, 'min_samples_leaf': 50}",,,,,,,14.86,0.27
3,reg,rforest,min,basic,ALL_YES_3_2_1,0_60,included,basic,15.32,"{'max_depth': 7, 'min_samples_leaf': 10, 'n_estimators': 200}",,,,,,,14.38,23.95
4,reg,xgb,min,basic,ALL_YES_3_2_1,0_60,included,basic,15.55,{'n_estimators': 50},,,,,,,14.43,0.18
5,reg,gboosting,min,basic,ALL_YES_3_2_1,0_60,included,basic,15.75,{'n_estimators': 50},,,,,,,14.54,0.37
6,reg,ada,min,basic,ALL_YES_3_2_1,0_60,included,basic,17.20,{'n_estimators': 10},,,,,,,16.95,0.59
0,clf,kn,max,all,ALL_YES_3_2_1,0_60,included,basic,0.78,{'n_neighbors': 51},0.79,0.76,0.79,0.65,720.00,197.00,"{'0': {'precision': 0.7933333333333333, 'recall': 0.9916666666666667, 'f1-score': 0.8814814814814814, 'support': 720}, '1': {'precision': 0.6470588235294118, 'recall': 0.05583756345177665, 'f1-score': 0.102803738317757, 'support': 197}, 'micro avg': {'precision': 0.7906215921483097, 'recall': 0.7906215921483097, 'f1-score': 0.7906215921483097, 'support': 917}, 'macro avg': {'precision': 0.7201960784313726, 'recall': 0.5237521150592217, 'f1-score': 0.4921426098996192, 'support': 917}, 'weighted avg': {'precision': 0.7619090384245302, 'recall': 0.7906215921483097, 'f1-score': 0.7141973861671371, 'support': 917}}",2.45
1,clf,svc-rbf,max,all,ALL_YES_3_2_1,0_60,included,basic,0.77,"{'C': 1, 'gamma': 1}",0.79,0.62,0.79,0.00,720.00,197.00,"{'0': {'precision': 0.7851690294438386, 'recall': 1.0, 'f1-score': 0.8796579108124618, 'support': 720}, '1': {'precision': 0.0, 'recall': 0.0, 'f1-score': 0.0, 'support': 197}, 'micro avg': {'precision': 0.7851690294438386, 'recall': 0.7851690294438386, 'f1-score': 0.7851690294438386, 'support': 917}, 'macro avg': {'precision': 0.3925845147219193, 'recall': 0.5, 'f1-score': 0.4398289554062309, 'support': 917}, 'weighted avg': {'precision': 0.6164904047977795, 'recall': 0.7851690294438386, 'f1-score': 0.6906801480752154, 'support': 917}}",3.30
2,clf,dtree,max,all,ALL_YES_3_2_1,0_60,included,basic,0.77,"{'max_depth': 2, 'min_samples_leaf': 250}",0.79,0.74,0.81,0.52,720.00,197.00,"{'0': {'precision': 0.8063010501750292, 'recall': 0.9597222222222223, 'f1-score': 0.8763474952441345, 'support': 720}, '1': {'precision': 0.5166666666666667, 'recall': 0.15736040609137056, 'f1-score': 0.24124513618677043, 'support': 197}, 'micro avg': {'precision': 0.787350054525627, 'recall': 0.787350054525627, 'f1-score': 0.787350054525627, 'support': 917}, 'macro avg': {'precision': 0.661483858420848, 'recall': 0.5585413141567964, 'f1-score': 0.5587963157154524, 'support': 917}, 'weighted avg': {'precision': 0.7440786144594922, 'recall': 0.787350054525627, 'f1-score': 0.7399078390453333, 'support': 917}}",0.27
3,clf,rforest,max,all,ALL_YES_3_2_1,0_60,included,basic,0.78,"{'max_depth': 7, 'min_samples_leaf': 10, 'n_estimators': 100}",0.80,0.79,0.80,0.75,720.00,197.00,"{'0': {'precision': 0.7971014492753623, 'recall': 0.9930555555555556, 'f1-score': 0.8843537414965986, 'support': 720}, '1': {'precision': 0.75, 'recall': 0.07614213197969544, 'f1-score': 0.1382488479262673, 'support': 197}, 'micro avg': {'precision': 0.7960741548527808, 'recall': 0.7960741548527808, 'f1-score': 0.7960741548527809, 'support': 917}, 'macro avg': {'precision': 0.7735507246376812, 'recall': 0.5345988437676255, 'f1-score': 0.5113012947114329, 'support': 917}, 'weighted avg': {'precision': 0.7869825992129345, 'recall': 0.7960741548527808, 'f1-score': 0.7240673030741828, 'support': 917}}",15.17
4,clf,xgb,max,all,ALL_YES_3_2_1,0_60,included,basic,0.78,{'n_estimators': 50},0.79,0.77,0.80,0.66,720.00,197.00,"{'0': {'precision': 0.7995495495495496, 'recall': 0.9861111111111112, 'f1-score': 0.8830845771144279, 'support': 720}, '1': {'precision': 0.6551724137931034, 'recall': 0.09644670050761421, 'f1-score': 0.168141592920354, 'support': 197}, 'micro avg': {'precision': 0.7949836423118866, 'recall': 0.7949836423118866, 'f1-score': 0.7949836423118866, 'support': 917}, 'macro avg': {'precision': 0.7273609816713265, 'recall': 0.5412789058093627, 'f1-score': 0.5256130850173909, 'support': 917}, 'weighted avg': {'precision': 0.7685328693488737, 'recall': 0.7949836423118866, 'f1-score': 0.7294926819276967, 'support': 917}}",0.17
5,clf,gboosting,max,all,ALL_YES_3_2_1,0_60,included,basic,0.78,{'n_estimators': 100},0.80,0.77,0.81,0.64,720.00,197.00,"{'0': {'precision': 0.8096885813148789, 'recall': 0.975, 'f1-score': 0.88468809073724, 'support': 720}, '1': {'precision': 0.64, 'recall': 0.16243654822335024, 'f1-score': 0.2591093117408907, 'support': 197}, 'micro avg': {'precision': 0.8004362050163577, 'recall': 0.8004362050163577, 'f1-score': 0.8004362050163577, 'support': 917}, 'macro avg': {'precision': 0.7248442906574395, 'recall': 0.5687182741116751, 'f1-score': 0.5718987012390653, 'support': 917}, 'weighted avg': {'precision': 0.7732342186987055, 'recall': 0.8004362050163577, 'f1-score': 0.7502943944861159, 'support': 917}}",0.46
6,clf,ada,max,all,ALL_YES_3_2_1,0_60,included,basic,0.78,{'n_estimators': 10},0.79,0.76,0.80,0.60,720.00,197.00,"{'0': {'precision': 0.800453514739229, 'recall': 0.9805555555555555, 'f1-score': 0.881398252184769, 'support': 720}, '1': {'precision': 0.6, 'recall': 0.1065989847715736, 'f1-score': 0.18103448275862072, 'support': 197}, 'micro avg': {'precision': 0.7928026172300982, 'recall': 0.7928026172300982, 'f1-score': 0.7928026172300982, 'support': 917}, 'macro avg': {'precision': 0.7002267573696145, 'recall': 0.5435772701635646, 'f1-score': 0.5312163674716949, 'support': 917}, 'weighted avg': {'precision': 0.7573898916164066, 'recall': 0.7928026172300982, 'f1-score': 0.7309384238565779, 'support': 917}}",0.52
0,reg,kn,max,all,ALL_YES_3_2_1,0_60,included,basic,15.30,{'n_neighbors': 41},,,,,,,15.19,1.85
1,reg,svr-rbf,max,all,ALL_YES_3_2_1,0_60,included,basic,17.59,"{'C': 5, 'gamma': 1}",,,,,,,17.36,2.98
2,reg,dtree,max,all,ALL_YES_3_2_1,0_60,included,basic,15.53,"{'max_depth': 4, 'min_samples_leaf': 10}",,,,,,,15.27,0.23
3,reg,rforest,max,all,ALL_YES_3_2_1,0_60,included,basic,15.04,"{'max_depth': 7, 'min_samples_leaf': 10, 'n_estimators': 200}",,,,,,,14.76,23.57
4,reg,xgb,max,all,ALL_YES_3_2_1,0_60,included,basic,15.27,{'n_estimators': 100},,,,,,,14.81,0.18
5,reg,gboosting,max,all,ALL_YES_3_2_1,0_60,included,basic,15.17,{'n_estimators': 50},,,,,,,14.87,0.31
6,reg,ada,max,all,ALL_YES_3_2_1,0_60,included,basic,17.10,{'n_estimators': 10},,,,,,,16.48,0.22
0,clf,kn,min,all,ALL_YES_3_2_1,0_60,included,basic,0.78,{'n_neighbors': 21},0.78,0.74,0.79,0.57,712.00,205.00,"{'0': {'precision': 0.7938144329896907, 'recall': 0.973314606741573, 'f1-score': 0.8744479495268137, 'support': 712}, '1': {'precision': 0.5681818181818182, 'recall': 0.12195121951219512, 'f1-score': 0.20080321285140562, 'support': 205}, 'micro avg': {'precision': 0.7829880043620502, 'recall': 0.7829880043620502, 'f1-score': 0.7829880043620502, 'support': 917}, 'macro avg': {'precision': 0.6809981255857545, 'recall': 0.547632913126884, 'f1-score': 0.5376255811891096, 'support': 917}, 'weighted avg': {'precision': 0.743373117792729, 'recall': 0.7829880043620502, 'f1-score': 0.7238512526691706, 'support': 917}}",1.97
1,clf,svc-rbf,min,all,ALL_YES_3_2_1,0_60,included,basic,0.77,"{'C': 1, 'gamma': 1}",0.78,0.60,0.78,0.00,712.00,205.00,"{'0': {'precision': 0.7764449291166848, 'recall': 1.0, 'f1-score': 0.8741559238796808, 'support': 712}, '1': {'precision': 0.0, 'recall': 0.0, 'f1-score': 0.0, 'support': 205}, 'micro avg': {'precision': 0.7764449291166848, 'recall': 0.7764449291166848, 'f1-score': 0.7764449291166848, 'support': 917}, 'macro avg': {'precision': 0.3882224645583424, 'recall': 0.5, 'f1-score': 0.4370779619398404, 'support': 917}, 'weighted avg': {'precision': 0.6028667279510137, 'recall': 0.7764449291166848, 'f1-score': 0.6787339343536889, 'support': 917}}",3.33
2,clf,dtree,min,all,ALL_YES_3_2_1,0_60,included,basic,0.79,"{'max_depth': 4, 'min_samples_leaf': 10}",0.77,0.71,0.79,0.43,712.00,205.00,"{'0': {'precision': 0.7886836027713626, 'recall': 0.9592696629213483, 'f1-score': 0.8656527249683144, 'support': 712}, '1': {'precision': 0.43137254901960786, 'recall': 0.1073170731707317, 'f1-score': 0.171875, 'support': 205}, 'micro avg': {'precision': 0.7688113413304253, 'recall': 0.7688113413304253, 'f1-score': 0.7688113413304253, 'support': 917}, 'macro avg': {'precision': 0.6100280758954852, 'recall': 0.53329336804604, 'f1-score': 0.5187638624841572, 'support': 917}, 'weighted avg': {'precision': 0.708804904822497, 'recall': 0.7688113413304253, 'f1-score': 0.7105551964857577, 'support': 917}}",0.28
3,clf,rforest,min,all,ALL_YES_3_2_1,0_60,included,basic,0.78,"{'max_depth': 7, 'min_samples_leaf': 20, 'n_estimators': 50}",0.78,0.72,0.79,0.50,712.00,205.00,"{'0': {'precision': 0.7864406779661017, 'recall': 0.9775280898876404, 'f1-score': 0.8716343143393863, 'support': 712}, '1': {'precision': 0.5, 'recall': 0.07804878048780488, 'f1-score': 0.13502109704641352, 'support': 205}, 'micro avg': {'precision': 0.7764449291166848, 'recall': 0.7764449291166848, 'f1-score': 0.7764449291166848, 'support': 917}, 'macro avg': {'precision': 0.6432203389830509, 'recall': 0.5277884351877227, 'f1-score': 0.5033277056929, 'support': 917}, 'weighted avg': {'precision': 0.722405411899525, 'recall': 0.7764449291166848, 'f1-score': 0.706960694333869, 'support': 917}}",15.27
4,clf,xgb,min,all,ALL_YES_3_2_1,0_60,included,basic,0.78,{'n_estimators': 10},0.78,0.72,0.79,0.50,712.00,205.00,"{'0': {'precision': 0.7890535917901939, 'recall': 0.9719101123595506, 'f1-score': 0.8709880427942102, 'support': 712}, '1': {'precision': 0.5, 'recall': 0.0975609756097561, 'f1-score': 0.163265306122449, 'support': 205}, 'micro avg': {'precision': 0.7764449291166848, 'recall': 0.7764449291166848, 'f1-score': 0.7764449291166848, 'support': 917}, 'macro avg': {'precision': 0.6445267958950969, 'recall': 0.5347355439846534, 'f1-score': 0.5171266744583296, 'support': 917}, 'weighted avg': {'precision': 0.7244341955884602, 'recall': 0.7764449291166848, 'f1-score': 0.7127730362318208, 'support': 917}}",0.16
5,clf,gboosting,min,all,ALL_YES_3_2_1,0_60,included,basic,0.78,{'n_estimators': 50},0.78,0.74,0.80,0.54,712.00,205.00,"{'0': {'precision': 0.7997658079625293, 'recall': 0.9592696629213483, 'f1-score': 0.8722860791826309, 'support': 712}, '1': {'precision': 0.5396825396825397, 'recall': 0.16585365853658537, 'f1-score': 0.2537313432835821, 'support': 205}, 'micro avg': {'precision': 0.781897491821156, 'recall': 0.781897491821156, 'f1-score': 0.7818974918211559, 'support': 917}, 'macro avg': {'precision': 0.6697241738225345, 'recall': 0.5625616607289669, 'f1-score': 0.5630087112331065, 'support': 917}, 'weighted avg': {'precision': 0.7416228744866319, 'recall': 0.781897491821156, 'f1-score': 0.7340050313535087, 'support': 917}}",0.41
6,clf,ada,min,all,ALL_YES_3_2_1,0_60,included,basic,0.78,{'n_estimators': 200},0.78,0.74,0.81,0.50,712.00,205.00,"{'0': {'precision': 0.8133498145859085, 'recall': 0.9241573033707865, 'f1-score': 0.8652202498356344, 'support': 712}, '1': {'precision': 0.5, 'recall': 0.2634146341463415, 'f1-score': 0.3450479233226837, 'support': 205}, 'micro avg': {'precision': 0.7764449291166848, 'recall': 0.7764449291166848, 'f1-score': 0.7764449291166848, 'support': 917}, 'macro avg': {'precision': 0.6566749072929543, 'recall': 0.593785968758564, 'f1-score': 0.605134086579159, 'support': 917}, 'weighted avg': {'precision': 0.7432988745748821, 'recall': 0.7764449291166848, 'f1-score': 0.7489330885104928, 'support': 917}}",0.54
0,reg,kn,min,all,ALL_YES_3_2_1,0_60,included,basic,15.65,{'n_neighbors': 31},,,,,,,14.65,1.96
1,reg,svr-rbf,min,all,ALL_YES_3_2_1,0_60,included,basic,18.22,"{'C': 5, 'gamma': 1}",,,,,,,16.82,2.88
2,reg,dtree,min,all,ALL_YES_3_2_1,0_60,included,basic,15.73,"{'max_depth': 6, 'min_samples_leaf': 50}",,,,,,,14.86,0.26
3,reg,rforest,min,all,ALL_YES_3_2_1,0_60,included,basic,15.32,"{'max_depth': 7, 'min_samples_leaf': 10, 'n_estimators': 200}",,,,,,,14.38,22.88
4,reg,xgb,min,all,ALL_YES_3_2_1,0_60,included,basic,15.55,{'n_estimators': 50},,,,,,,14.43,0.16
5,reg,gboosting,min,all,ALL_YES_3_2_1,0_60,included,basic,15.75,{'n_estimators': 50},,,,,,,14.54,0.31
6,reg,ada,min,all,ALL_YES_3_2_1,0_60,included,basic,17.20,{'n_estimators': 10},,,,,,,16.95,0.48
