,model_type,model,sweeps_market_variables,sweep_news_agg,sweep_buy_sell,before_data,sweep_grid,best_score,best_params,f1_microavg,precision_weighted,precision_EUR_down,precision_EUR_same,precision_EUR_up,support_EUR_down,support_EUR_same,support_EUR_up,clf_report,elapsed_time
0,clf,kn,basic,ALL_NO_1_1_1,30_90,included,basic,0.60,{'n_neighbors': 11},0.62,0.69,0.47,0.82,0.37,250.00,855.00,187.00,"{'0': {'precision': 0.4694533762057878, 'recall': 0.584, 'f1-score': 0.5204991087344029, 'support': 250}, '1': {'precision': 0.8181818181818182, 'recall': 0.6210526315789474, 'f1-score': 0.7061170212765958, 'support': 855}, '2': {'precision': 0.3704819277108434, 'recall': 0.6577540106951871, 'f1-score': 0.47398843930635837, 'support': 187}, 'micro avg': {'precision': 0.6191950464396285, 'recall': 0.6191950464396285, 'f1-score': 0.6191950464396285, 'support': 1292}, 'macro avg': {'precision': 0.5527057073661498, 'recall': 0.6209355474247115, 'f1-score': 0.5668681897724523, 'support': 1292}, 'weighted avg': {'precision': 0.6859047361291248, 'recall': 0.6191950464396285, 'f1-score': 0.6366026846171665, 'support': 1292}}",4.73
1,clf,svc-rbf,basic,ALL_NO_1_1_1,30_90,included,basic,0.52,"{'C': 1, 'gamma': 1}",0.50,1.00,0.00,1.00,0.00,0.00,1292.00,0.00,"{'0': {'precision': 0.0, 'recall': 0.0, 'f1-score': 0.0, 'support': 0}, '1': {'precision': 1.0, 'recall': 0.5023219814241486, 'f1-score': 0.6687274600721278, 'support': 1292}, '2': {'precision': 0.0, 'recall': 0.0, 'f1-score': 0.0, 'support': 0}, 'micro avg': {'precision': 0.5023219814241486, 'recall': 0.5023219814241486, 'f1-score': 0.5023219814241486, 'support': 1292}, 'macro avg': {'precision': 0.3333333333333333, 'recall': 0.1674406604747162, 'f1-score': 0.22290915335737593, 'support': 1292}, 'weighted avg': {'precision': 1.0, 'recall': 0.5023219814241486, 'f1-score': 0.6687274600721278, 'support': 1292}}",6.75
2,clf,dtree,basic,ALL_NO_1_1_1,30_90,included,basic,0.65,"{'max_depth': 5, 'min_samples_leaf': 200}",0.65,0.69,0.57,0.80,0.42,273.00,823.00,196.00,"{'0': {'precision': 0.5691318327974276, 'recall': 0.6483516483516484, 'f1-score': 0.6061643835616438, 'support': 273}, '1': {'precision': 0.7996918335901386, 'recall': 0.6306196840826246, 'f1-score': 0.7051630434782609, 'support': 823}, '2': {'precision': 0.41566265060240964, 'recall': 0.7040816326530612, 'f1-score': 0.5227272727272727, 'support': 196}, 'micro avg': {'precision': 0.6455108359133127, 'recall': 0.6455108359133127, 'f1-score': 0.6455108359133127, 'support': 1292}, 'macro avg': {'precision': 0.594828772329992, 'recall': 0.6610176550291114, 'f1-score': 0.6113515665890591, 'support': 1292}, 'weighted avg': {'precision': 0.69271613693224, 'recall': 0.6455108359133127, 'f1-score': 0.65656858123025, 'support': 1292}}",0.38
3,clf,rforest,basic,ALL_NO_1_1_1,30_90,included,basic,0.65,"{'max_depth': 7, 'min_samples_leaf': 10, 'n_estimators': 200}",0.64,0.71,0.47,0.83,0.44,207.00,869.00,216.00,"{'0': {'precision': 0.4662379421221865, 'recall': 0.7004830917874396, 'f1-score': 0.5598455598455598, 'support': 207}, '1': {'precision': 0.8289676425269645, 'recall': 0.619102416570771, 'f1-score': 0.7088274044795784, 'support': 869}, '2': {'precision': 0.4367469879518072, 'recall': 0.6712962962962963, 'f1-score': 0.5291970802919707, 'support': 216}, 'micro avg': {'precision': 0.6408668730650154, 'recall': 0.6408668730650154, 'f1-score': 0.6408668730650154, 'support': 1292}, 'macro avg': {'precision': 0.5773175242003195, 'recall': 0.663627268218169, 'f1-score': 0.5992900148723695, 'support': 1292}, 'weighted avg': {'precision': 0.7052797869758631, 'recall': 0.6408668730650154, 'f1-score': 0.654926946380689, 'support': 1292}}",14.25
4,clf,xgb,basic,ALL_NO_1_1_1,30_90,included,basic,0.65,{'n_estimators': 100},0.65,0.71,0.53,0.82,0.43,239.00,843.00,210.00,"{'0': {'precision': 0.5273311897106109, 'recall': 0.6861924686192469, 'f1-score': 0.5963636363636364, 'support': 239}, '1': {'precision': 0.8243451463790447, 'recall': 0.6346381969157769, 'f1-score': 0.7171581769436997, 'support': 843}, '2': {'precision': 0.43373493975903615, 'recall': 0.6857142857142857, 'f1-score': 0.5313653136531366, 'support': 210}, 'micro avg': {'precision': 0.6524767801857585, 'recall': 0.6524767801857585, 'f1-score': 0.6524767801857585, 'support': 1292}, 'macro avg': {'precision': 0.5951370919495639, 'recall': 0.6688483170831031, 'f1-score': 0.6149623756534909, 'support': 1292}, 'weighted avg': {'precision': 0.7059128870648361, 'recall': 0.6524767801857585, 'f1-score': 0.6646145264099123, 'support': 1292}}",0.68
5,clf,gboosting,basic,ALL_NO_1_1_1,30_90,included,basic,0.65,{'n_estimators': 10},0.65,0.73,0.45,0.86,0.42,196.00,903.00,193.00,"{'0': {'precision': 0.4533762057877814, 'recall': 0.7193877551020408, 'f1-score': 0.5562130177514794, 'support': 196}, '1': {'precision': 0.8613251155624037, 'recall': 0.6190476190476191, 'f1-score': 0.720360824742268, 'support': 903}, '2': {'precision': 0.41566265060240964, 'recall': 0.7150259067357513, 'f1-score': 0.5257142857142858, 'support': 193}, 'micro avg': {'precision': 0.6486068111455109, 'recall': 0.6486068111455109, 'f1-score': 0.6486068111455109, 'support': 1292}, 'macro avg': {'precision': 0.576787990650865, 'recall': 0.6844870936284703, 'f1-score': 0.6007627094026777, 'support': 1292}, 'weighted avg': {'precision': 0.732864711496533, 'recall': 0.6486068111455109, 'f1-score': 0.6663826883625504, 'support': 1292}}",1.87
6,clf,ada,basic,ALL_NO_1_1_1,30_90,included,basic,0.64,{'n_estimators': 10},0.64,0.68,0.59,0.78,0.42,294.00,802.00,196.00,"{'0': {'precision': 0.594855305466238, 'recall': 0.6292517006802721, 'f1-score': 0.6115702479338844, 'support': 294}, '1': {'precision': 0.7781201848998459, 'recall': 0.6296758104738155, 'f1-score': 0.6960716747070985, 'support': 802}, '2': {'precision': 0.41566265060240964, 'recall': 0.7040816326530612, 'f1-score': 0.5227272727272727, 'support': 196}, 'micro avg': {'precision': 0.6408668730650154, 'recall': 0.6408668730650154, 'f1-score': 0.6408668730650154, 'support': 1292}, 'macro avg': {'precision': 0.5962127136561646, 'recall': 0.6543363812690496, 'f1-score': 0.6101230651227519, 'support': 1292}, 'weighted avg': {'precision': 0.681431677720451, 'recall': 0.6408668730650154, 'f1-score': 0.6505461930821985, 'support': 1292}}",0.57
0,clf,kn,all,ALL_NO_1_1_1,30_90,included,basic,0.60,{'n_neighbors': 11},0.60,0.69,0.46,0.82,0.32,246.00,882.00,164.00,"{'0': {'precision': 0.4565916398713826, 'recall': 0.5772357723577236, 'f1-score': 0.5098743267504489, 'support': 246}, '1': {'precision': 0.8228043143297381, 'recall': 0.6054421768707483, 'f1-score': 0.697583278902678, 'support': 882}, '2': {'precision': 0.31626506024096385, 'recall': 0.6402439024390244, 'f1-score': 0.42338709677419356, 'support': 164}, 'micro avg': {'precision': 0.6044891640866873, 'recall': 0.6044891640866873, 'f1-score': 0.6044891640866873, 'support': 1292}, 'macro avg': {'precision': 0.5318870048140282, 'recall': 0.6076406172224987, 'f1-score': 0.5436149008091068, 'support': 1292}, 'weighted avg': {'precision': 0.6887789617079777, 'recall': 0.6044891640866873, 'f1-score': 0.627037941365124, 'support': 1292}}",5.30
1,clf,svc-rbf,all,ALL_NO_1_1_1,30_90,included,basic,0.52,"{'C': 1, 'gamma': 1}",0.50,1.00,0.00,1.00,0.00,0.00,1292.00,0.00,"{'0': {'precision': 0.0, 'recall': 0.0, 'f1-score': 0.0, 'support': 0}, '1': {'precision': 1.0, 'recall': 0.5023219814241486, 'f1-score': 0.6687274600721278, 'support': 1292}, '2': {'precision': 0.0, 'recall': 0.0, 'f1-score': 0.0, 'support': 0}, 'micro avg': {'precision': 0.5023219814241486, 'recall': 0.5023219814241486, 'f1-score': 0.5023219814241486, 'support': 1292}, 'macro avg': {'precision': 0.3333333333333333, 'recall': 0.1674406604747162, 'f1-score': 0.22290915335737593, 'support': 1292}, 'weighted avg': {'precision': 1.0, 'recall': 0.5023219814241486, 'f1-score': 0.6687274600721278, 'support': 1292}}",7.64
2,clf,dtree,all,ALL_NO_1_1_1,30_90,included,basic,0.65,"{'max_depth': 5, 'min_samples_leaf': 200}",0.65,0.69,0.57,0.80,0.42,273.00,823.00,196.00,"{'0': {'precision': 0.5691318327974276, 'recall': 0.6483516483516484, 'f1-score': 0.6061643835616438, 'support': 273}, '1': {'precision': 0.7996918335901386, 'recall': 0.6306196840826246, 'f1-score': 0.7051630434782609, 'support': 823}, '2': {'precision': 0.41566265060240964, 'recall': 0.7040816326530612, 'f1-score': 0.5227272727272727, 'support': 196}, 'micro avg': {'precision': 0.6455108359133127, 'recall': 0.6455108359133127, 'f1-score': 0.6455108359133127, 'support': 1292}, 'macro avg': {'precision': 0.594828772329992, 'recall': 0.6610176550291114, 'f1-score': 0.6113515665890591, 'support': 1292}, 'weighted avg': {'precision': 0.69271613693224, 'recall': 0.6455108359133127, 'f1-score': 0.65656858123025, 'support': 1292}}",0.48
3,clf,rforest,all,ALL_NO_1_1_1,30_90,included,basic,0.65,"{'max_depth': 6, 'min_samples_leaf': 10, 'n_estimators': 50}",0.64,0.71,0.47,0.84,0.42,204.00,880.00,208.00,"{'0': {'precision': 0.47266881028938906, 'recall': 0.7205882352941176, 'f1-score': 0.570873786407767, 'support': 204}, '1': {'precision': 0.8397534668721109, 'recall': 0.6193181818181818, 'f1-score': 0.7128842380640941, 'support': 880}, '2': {'precision': 0.4246987951807229, 'recall': 0.6778846153846154, 'f1-score': 0.5222222222222223, 'support': 208}, 'micro avg': {'precision': 0.6447368421052632, 'recall': 0.6447368421052632, 'f1-score': 0.6447368421052632, 'support': 1292}, 'macro avg': {'precision': 0.5790403574474076, 'recall': 0.6725970108323049, 'f1-score': 0.6019934155646944, 'support': 1292}, 'weighted avg': {'precision': 0.7149727844768448, 'recall': 0.6447368421052632, 'f1-score': 0.6597667214750847, 'support': 1292}}",16.54
4,clf,xgb,all,ALL_NO_1_1_1,30_90,included,basic,0.65,{'n_estimators': 100},0.66,0.71,0.54,0.83,0.43,236.00,843.00,213.00,"{'0': {'precision': 0.5369774919614148, 'recall': 0.7076271186440678, 'f1-score': 0.6106032906764168, 'support': 236}, '1': {'precision': 0.8320493066255779, 'recall': 0.6405693950177936, 'f1-score': 0.7238605898123325, 'support': 843}, '2': {'precision': 0.43373493975903615, 'recall': 0.676056338028169, 'f1-score': 0.528440366972477, 'support': 213}, 'micro avg': {'precision': 0.6586687306501547, 'recall': 0.6586687306501547, 'f1-score': 0.6586687306501547, 'support': 1292}, 'macro avg': {'precision': 0.6009205794486763, 'recall': 0.6747509505633434, 'f1-score': 0.6209680824870755, 'support': 1292}, 'weighted avg': {'precision': 0.7124843620409681, 'recall': 0.6586687306501547, 'f1-score': 0.6709556129849599, 'support': 1292}}",0.78
5,clf,gboosting,all,ALL_NO_1_1_1,30_90,included,basic,0.65,{'n_estimators': 50},0.65,0.70,0.54,0.81,0.45,248.00,822.00,222.00,"{'0': {'precision': 0.5434083601286174, 'recall': 0.6814516129032258, 'f1-score': 0.6046511627906977, 'support': 248}, '1': {'precision': 0.810477657935285, 'recall': 0.6399026763990268, 'f1-score': 0.7151597552685248, 'support': 822}, '2': {'precision': 0.44879518072289154, 'recall': 0.6711711711711712, 'f1-score': 0.5379061371841155, 'support': 222}, 'micro avg': {'precision': 0.653250773993808, 'recall': 0.653250773993808, 'f1-score': 0.653250773993808, 'support': 1292}, 'macro avg': {'precision': 0.6008937329289313, 'recall': 0.6641751534911412, 'f1-score': 0.619239018414446, 'support': 1292}, 'weighted avg': {'precision': 0.6970669026742904, 'recall': 0.653250773993808, 'f1-score': 0.6634906885895465, 'support': 1292}}",2.23
6,clf,ada,all,ALL_NO_1_1_1,30_90,included,basic,0.64,{'n_estimators': 10},0.64,0.68,0.59,0.78,0.42,294.00,802.00,196.00,"{'0': {'precision': 0.594855305466238, 'recall': 0.6292517006802721, 'f1-score': 0.6115702479338844, 'support': 294}, '1': {'precision': 0.7781201848998459, 'recall': 0.6296758104738155, 'f1-score': 0.6960716747070985, 'support': 802}, '2': {'precision': 0.41566265060240964, 'recall': 0.7040816326530612, 'f1-score': 0.5227272727272727, 'support': 196}, 'micro avg': {'precision': 0.6408668730650154, 'recall': 0.6408668730650154, 'f1-score': 0.6408668730650154, 'support': 1292}, 'macro avg': {'precision': 0.5962127136561646, 'recall': 0.6543363812690496, 'f1-score': 0.6101230651227519, 'support': 1292}, 'weighted avg': {'precision': 0.681431677720451, 'recall': 0.6408668730650154, 'f1-score': 0.6505461930821985, 'support': 1292}}",0.62
0,clf,kn,basic,ALL_NO_3_2_1,30_90,included,basic,0.60,{'n_neighbors': 11},0.62,0.69,0.46,0.82,0.37,249.00,859.00,184.00,"{'0': {'precision': 0.4630225080385852, 'recall': 0.5783132530120482, 'f1-score': 0.5142857142857143, 'support': 249}, '1': {'precision': 0.8212634822804314, 'recall': 0.6204889406286379, 'f1-score': 0.706896551724138, 'support': 859}, '2': {'precision': 0.37349397590361444, 'recall': 0.6739130434782609, 'f1-score': 0.4806201550387596, 'support': 184}, 'micro avg': {'precision': 0.6199690402476781, 'recall': 0.6199690402476781, 'f1-score': 0.6199690402476781, 'support': 1292}, 'macro avg': {'precision': 0.5525933220742104, 'recall': 0.6242384123729824, 'f1-score': 0.5672674736828707, 'support': 1292}, 'weighted avg': {'precision': 0.6884526527451729, 'recall': 0.6199690402476781, 'f1-score': 0.6375506109251619, 'support': 1292}}",4.23
1,clf,svc-rbf,basic,ALL_NO_3_2_1,30_90,included,basic,0.52,"{'C': 1, 'gamma': 1}",0.50,1.00,0.00,1.00,0.00,0.00,1292.00,0.00,"{'0': {'precision': 0.0, 'recall': 0.0, 'f1-score': 0.0, 'support': 0}, '1': {'precision': 1.0, 'recall': 0.5023219814241486, 'f1-score': 0.6687274600721278, 'support': 1292}, '2': {'precision': 0.0, 'recall': 0.0, 'f1-score': 0.0, 'support': 0}, 'micro avg': {'precision': 0.5023219814241486, 'recall': 0.5023219814241486, 'f1-score': 0.5023219814241486, 'support': 1292}, 'macro avg': {'precision': 0.3333333333333333, 'recall': 0.1674406604747162, 'f1-score': 0.22290915335737593, 'support': 1292}, 'weighted avg': {'precision': 1.0, 'recall': 0.5023219814241486, 'f1-score': 0.6687274600721278, 'support': 1292}}",6.60
2,clf,dtree,basic,ALL_NO_3_2_1,30_90,included,basic,0.65,"{'max_depth': 5, 'min_samples_leaf': 200}",0.65,0.69,0.57,0.80,0.42,273.00,823.00,196.00,"{'0': {'precision': 0.5691318327974276, 'recall': 0.6483516483516484, 'f1-score': 0.6061643835616438, 'support': 273}, '1': {'precision': 0.7996918335901386, 'recall': 0.6306196840826246, 'f1-score': 0.7051630434782609, 'support': 823}, '2': {'precision': 0.41566265060240964, 'recall': 0.7040816326530612, 'f1-score': 0.5227272727272727, 'support': 196}, 'micro avg': {'precision': 0.6455108359133127, 'recall': 0.6455108359133127, 'f1-score': 0.6455108359133127, 'support': 1292}, 'macro avg': {'precision': 0.594828772329992, 'recall': 0.6610176550291114, 'f1-score': 0.6113515665890591, 'support': 1292}, 'weighted avg': {'precision': 0.69271613693224, 'recall': 0.6455108359133127, 'f1-score': 0.65656858123025, 'support': 1292}}",0.40
3,clf,rforest,basic,ALL_NO_3_2_1,30_90,included,basic,0.65,"{'max_depth': 6, 'min_samples_leaf': 20, 'n_estimators': 50}",0.64,0.71,0.45,0.84,0.41,201.00,890.00,201.00,"{'0': {'precision': 0.45016077170418006, 'recall': 0.6965174129353234, 'f1-score': 0.546875, 'support': 201}, '1': {'precision': 0.8397534668721109, 'recall': 0.6123595505617978, 'f1-score': 0.7082521117608837, 'support': 890}, '2': {'precision': 0.40963855421686746, 'recall': 0.6766169154228856, 'f1-score': 0.5103189493433395, 'support': 201}, 'micro avg': {'precision': 0.6354489164086687, 'recall': 0.6354489164086687, 'f1-score': 0.6354489164086687, 'support': 1292}, 'macro avg': {'precision': 0.5665175975977195, 'recall': 0.6618312929733356, 'f1-score': 0.5884820203680744, 'support': 1292}, 'weighted avg': {'precision': 0.7122292956859979, 'recall': 0.6354489164086687, 'f1-score': 0.6523532223569641, 'support': 1292}}",15.45
4,clf,xgb,basic,ALL_NO_3_2_1,30_90,included,basic,0.65,{'n_estimators': 50},0.65,0.71,0.53,0.83,0.43,233.00,855.00,204.00,"{'0': {'precision': 0.5273311897106109, 'recall': 0.703862660944206, 'f1-score': 0.6029411764705882, 'support': 233}, '1': {'precision': 0.8320493066255779, 'recall': 0.631578947368421, 'f1-score': 0.7180851063829786, 'support': 855}, '2': {'precision': 0.42771084337349397, 'recall': 0.696078431372549, 'f1-score': 0.5298507462686567, 'support': 204}, 'micro avg': {'precision': 0.6547987616099071, 'recall': 0.6547987616099071, 'f1-score': 0.6547987616099071, 'support': 1292}, 'macro avg': {'precision': 0.5956971132365609, 'recall': 0.6771733465617253, 'f1-score': 0.6169590097074078, 'support': 1292}, 'weighted avg': {'precision': 0.71325335635885, 'recall': 0.6547987616099071, 'f1-score': 0.6675987711407894, 'support': 1292}}",0.64
5,clf,gboosting,basic,ALL_NO_3_2_1,30_90,included,basic,0.65,{'n_estimators': 50},0.66,0.70,0.54,0.82,0.45,244.00,832.00,216.00,"{'0': {'precision': 0.5369774919614148, 'recall': 0.6844262295081968, 'f1-score': 0.6018018018018017, 'support': 244}, '1': {'precision': 0.8197226502311248, 'recall': 0.6394230769230769, 'f1-score': 0.7184334908845375, 'support': 832}, '2': {'precision': 0.44879518072289154, 'recall': 0.6898148148148148, 'f1-score': 0.5437956204379562, 'support': 216}, 'micro avg': {'precision': 0.6563467492260062, 'recall': 0.6563467492260062, 'f1-score': 0.6563467492260062, 'support': 1292}, 'macro avg': {'precision': 0.6018317743051437, 'recall': 0.6712213737486962, 'f1-score': 0.6213436377080984, 'support': 1292}, 'weighted avg': {'precision': 0.7043123158413511, 'recall': 0.6563467492260062, 'f1-score': 0.6672106486611249, 'support': 1292}}",1.87
6,clf,ada,basic,ALL_NO_3_2_1,30_90,included,basic,0.64,{'n_estimators': 10},0.64,0.68,0.59,0.78,0.42,294.00,802.00,196.00,"{'0': {'precision': 0.594855305466238, 'recall': 0.6292517006802721, 'f1-score': 0.6115702479338844, 'support': 294}, '1': {'precision': 0.7781201848998459, 'recall': 0.6296758104738155, 'f1-score': 0.6960716747070985, 'support': 802}, '2': {'precision': 0.41566265060240964, 'recall': 0.7040816326530612, 'f1-score': 0.5227272727272727, 'support': 196}, 'micro avg': {'precision': 0.6408668730650154, 'recall': 0.6408668730650154, 'f1-score': 0.6408668730650154, 'support': 1292}, 'macro avg': {'precision': 0.5962127136561646, 'recall': 0.6543363812690496, 'f1-score': 0.6101230651227519, 'support': 1292}, 'weighted avg': {'precision': 0.681431677720451, 'recall': 0.6408668730650154, 'f1-score': 0.6505461930821985, 'support': 1292}}",0.58
0,clf,kn,all,ALL_NO_3_2_1,30_90,included,basic,0.60,{'n_neighbors': 11},0.61,0.69,0.45,0.82,0.34,244.00,872.00,176.00,"{'0': {'precision': 0.4533762057877814, 'recall': 0.5778688524590164, 'f1-score': 0.5081081081081081, 'support': 244}, '1': {'precision': 0.8197226502311248, 'recall': 0.6100917431192661, 'f1-score': 0.6995397764628534, 'support': 872}, '2': {'precision': 0.34036144578313254, 'recall': 0.6420454545454546, 'f1-score': 0.4448818897637795, 'support': 176}, 'micro avg': {'precision': 0.608359133126935, 'recall': 0.608359133126935, 'f1-score': 0.608359133126935, 'support': 1292}, 'macro avg': {'precision': 0.5378201006006795, 'recall': 0.6100020167079124, 'f1-score': 0.5508432581115804, 'support': 1292}, 'weighted avg': {'precision': 0.6852365012938009, 'recall': 0.608359133126935, 'f1-score': 0.628696808090102, 'support': 1292}}",5.32
1,clf,svc-rbf,all,ALL_NO_3_2_1,30_90,included,basic,0.52,"{'C': 1, 'gamma': 1}",0.50,1.00,0.00,1.00,0.00,0.00,1292.00,0.00,"{'0': {'precision': 0.0, 'recall': 0.0, 'f1-score': 0.0, 'support': 0}, '1': {'precision': 1.0, 'recall': 0.5023219814241486, 'f1-score': 0.6687274600721278, 'support': 1292}, '2': {'precision': 0.0, 'recall': 0.0, 'f1-score': 0.0, 'support': 0}, 'micro avg': {'precision': 0.5023219814241486, 'recall': 0.5023219814241486, 'f1-score': 0.5023219814241486, 'support': 1292}, 'macro avg': {'precision': 0.3333333333333333, 'recall': 0.1674406604747162, 'f1-score': 0.22290915335737593, 'support': 1292}, 'weighted avg': {'precision': 1.0, 'recall': 0.5023219814241486, 'f1-score': 0.6687274600721278, 'support': 1292}}",7.26
2,clf,dtree,all,ALL_NO_3_2_1,30_90,included,basic,0.65,"{'max_depth': 5, 'min_samples_leaf': 200}",0.65,0.69,0.57,0.80,0.42,273.00,823.00,196.00,"{'0': {'precision': 0.5691318327974276, 'recall': 0.6483516483516484, 'f1-score': 0.6061643835616438, 'support': 273}, '1': {'precision': 0.7996918335901386, 'recall': 0.6306196840826246, 'f1-score': 0.7051630434782609, 'support': 823}, '2': {'precision': 0.41566265060240964, 'recall': 0.7040816326530612, 'f1-score': 0.5227272727272727, 'support': 196}, 'micro avg': {'precision': 0.6455108359133127, 'recall': 0.6455108359133127, 'f1-score': 0.6455108359133127, 'support': 1292}, 'macro avg': {'precision': 0.594828772329992, 'recall': 0.6610176550291114, 'f1-score': 0.6113515665890591, 'support': 1292}, 'weighted avg': {'precision': 0.69271613693224, 'recall': 0.6455108359133127, 'f1-score': 0.65656858123025, 'support': 1292}}",0.50
3,clf,rforest,all,ALL_NO_3_2_1,30_90,included,basic,0.65,"{'max_depth': 7, 'min_samples_leaf': 10, 'n_estimators': 200}",0.65,0.71,0.48,0.83,0.44,215.00,866.00,211.00,"{'0': {'precision': 0.48231511254019294, 'recall': 0.6976744186046512, 'f1-score': 0.5703422053231939, 'support': 215}, '1': {'precision': 0.8305084745762712, 'recall': 0.6224018475750578, 'f1-score': 0.7115511551155116, 'support': 866}, '2': {'precision': 0.4367469879518072, 'recall': 0.6872037914691943, 'f1-score': 0.5340699815837937, 'support': 211}, 'micro avg': {'precision': 0.6455108359133127, 'recall': 0.6455108359133127, 'f1-score': 0.6455108359133127, 'support': 1292}, 'macro avg': {'precision': 0.5831901916894239, 'recall': 0.6690933525496344, 'f1-score': 0.6053211140074998, 'support': 1292}, 'weighted avg': {'precision': 0.7082598317624021, 'recall': 0.6455108359133127, 'f1-score': 0.6590678332729878, 'support': 1292}}",17.20
4,clf,xgb,all,ALL_NO_3_2_1,30_90,included,basic,0.65,{'n_estimators': 50},0.66,0.71,0.53,0.83,0.45,233.00,844.00,215.00,"{'0': {'precision': 0.5273311897106109, 'recall': 0.703862660944206, 'f1-score': 0.6029411764705882, 'support': 233}, '1': {'precision': 0.8289676425269645, 'recall': 0.6374407582938388, 'f1-score': 0.7206965840589417, 'support': 844}, '2': {'precision': 0.4457831325301205, 'recall': 0.6883720930232559, 'f1-score': 0.5411334552102377, 'support': 215}, 'micro avg': {'precision': 0.6578947368421053, 'recall': 0.6578947368421053, 'f1-score': 0.6578947368421053, 'support': 1292}, 'macro avg': {'precision': 0.6006939882558987, 'recall': 0.6765585040871002, 'f1-score': 0.6215904052465892, 'support': 1292}, 'weighted avg': {'precision': 0.7108051323446642, 'recall': 0.6578947368421053, 'f1-score': 0.6695796470074264, 'support': 1292}}",0.74
5,clf,gboosting,all,ALL_NO_3_2_1,30_90,included,basic,0.65,{'n_estimators': 50},0.65,0.70,0.55,0.81,0.44,248.00,825.00,219.00,"{'0': {'precision': 0.5498392282958199, 'recall': 0.6895161290322581, 'f1-score': 0.6118067978533095, 'support': 248}, '1': {'precision': 0.8135593220338984, 'recall': 0.64, 'f1-score': 0.7164179104477612, 'support': 825}, '2': {'precision': 0.4427710843373494, 'recall': 0.6712328767123288, 'f1-score': 0.5335753176043557, 'support': 219}, 'micro avg': {'precision': 0.6547987616099071, 'recall': 0.6547987616099071, 'f1-score': 0.6547987616099071, 'support': 1292}, 'macro avg': {'precision': 0.6020565448890226, 'recall': 0.6669163352481956, 'f1-score': 0.6206000086351421, 'support': 1292}, 'weighted avg': {'precision': 0.700087799353877, 'recall': 0.6547987616099071, 'f1-score': 0.6653450902030786, 'support': 1292}}",2.23
6,clf,ada,all,ALL_NO_3_2_1,30_90,included,basic,0.64,{'n_estimators': 10},0.64,0.68,0.59,0.78,0.42,294.00,802.00,196.00,"{'0': {'precision': 0.594855305466238, 'recall': 0.6292517006802721, 'f1-score': 0.6115702479338844, 'support': 294}, '1': {'precision': 0.7781201848998459, 'recall': 0.6296758104738155, 'f1-score': 0.6960716747070985, 'support': 802}, '2': {'precision': 0.41566265060240964, 'recall': 0.7040816326530612, 'f1-score': 0.5227272727272727, 'support': 196}, 'micro avg': {'precision': 0.6408668730650154, 'recall': 0.6408668730650154, 'f1-score': 0.6408668730650154, 'support': 1292}, 'macro avg': {'precision': 0.5962127136561646, 'recall': 0.6543363812690496, 'f1-score': 0.6101230651227519, 'support': 1292}, 'weighted avg': {'precision': 0.681431677720451, 'recall': 0.6408668730650154, 'f1-score': 0.6505461930821985, 'support': 1292}}",0.64
0,clf,kn,basic,ALL_YES_1_1_1,30_90,included,basic,0.64,{'n_neighbors': 51},0.65,0.77,0.37,0.90,0.31,114.00,711.00,92.00,"{'0': {'precision': 0.37438423645320196, 'recall': 0.6666666666666666, 'f1-score': 0.4794952681388013, 'support': 114}, '1': {'precision': 0.8984375, 'recall': 0.6469760900140648, 'f1-score': 0.7522485690923958, 'support': 711}, '2': {'precision': 0.3118811881188119, 'recall': 0.6847826086956522, 'f1-score': 0.4285714285714286, 'support': 92}, 'micro avg': {'precision': 0.653217011995638, 'recall': 0.653217011995638, 'f1-score': 0.653217011995638, 'support': 917}, 'macro avg': {'precision': 0.5282343081906713, 'recall': 0.6661417884587945, 'f1-score': 0.5534384219342086, 'support': 917}, 'weighted avg': {'precision': 0.7744404959243139, 'recall': 0.653217011995638, 'f1-score': 0.6858667007863557, 'support': 917}}",3.08
1,clf,svc-rbf,basic,ALL_YES_1_1_1,30_90,included,basic,0.54,"{'C': 1, 'gamma': 1}",0.56,1.00,0.00,1.00,0.00,0.00,917.00,0.00,"{'0': {'precision': 0.0, 'recall': 0.0, 'f1-score': 0.0, 'support': 0}, '1': {'precision': 1.0, 'recall': 0.5583424209378408, 'f1-score': 0.7165850244926523, 'support': 917}, '2': {'precision': 0.0, 'recall': 0.0, 'f1-score': 0.0, 'support': 0}, 'micro avg': {'precision': 0.5583424209378408, 'recall': 0.5583424209378408, 'f1-score': 0.5583424209378408, 'support': 917}, 'macro avg': {'precision': 0.3333333333333333, 'recall': 0.1861141403126136, 'f1-score': 0.23886167483088408, 'support': 917}, 'weighted avg': {'precision': 1.0, 'recall': 0.5583424209378408, 'f1-score': 0.7165850244926523, 'support': 917}}",3.03
2,clf,dtree,basic,ALL_YES_1_1_1,30_90,included,basic,0.66,"{'max_depth': 3, 'min_samples_leaf': 100}",0.67,0.72,0.52,0.83,0.42,170.00,631.00,116.00,"{'0': {'precision': 0.5221674876847291, 'recall': 0.6235294117647059, 'f1-score': 0.5683646112600536, 'support': 170}, '1': {'precision': 0.833984375, 'recall': 0.6767036450079239, 'f1-score': 0.747156605424322, 'support': 631}, '2': {'precision': 0.4207920792079208, 'recall': 0.7327586206896551, 'f1-score': 0.5345911949685533, 'support': 116}, 'micro avg': {'precision': 0.6739367502726281, 'recall': 0.6739367502726281, 'f1-score': 0.6739367502726281, 'support': 917}, 'macro avg': {'precision': 0.5923146472975499, 'recall': 0.6776638924874283, 'f1-score': 0.6167041372176431, 'support': 917}, 'weighted avg': {'precision': 0.7239089364444088, 'recall': 0.6739367502726281, 'f1-score': 0.6871214618901946, 'support': 917}}",0.26
3,clf,rforest,basic,ALL_YES_1_1_1,30_90,included,basic,0.66,"{'max_depth': 7, 'min_samples_leaf': 10, 'n_estimators': 200}",0.67,0.74,0.45,0.86,0.40,132.00,660.00,125.00,"{'0': {'precision': 0.45320197044334976, 'recall': 0.696969696969697, 'f1-score': 0.5492537313432836, 'support': 132}, '1': {'precision': 0.85546875, 'recall': 0.6636363636363637, 'f1-score': 0.7474402730375427, 'support': 660}, '2': {'precision': 0.400990099009901, 'recall': 0.648, 'f1-score': 0.4954128440366972, 'support': 125}, 'micro avg': {'precision': 0.6663031624863686, 'recall': 0.6663031624863686, 'f1-score': 0.6663031624863686, 'support': 917}, 'macro avg': {'precision': 0.5698869398177502, 'recall': 0.6695353535353537, 'f1-score': 0.5973689494725078, 'support': 917}, 'weighted avg': {'precision': 0.7356115566791275, 'recall': 0.6663031624863686, 'f1-score': 0.6845569010323651, 'support': 917}}",11.52
4,clf,xgb,basic,ALL_YES_1_1_1,30_90,included,basic,0.65,{'n_estimators': 10},0.68,0.75,0.43,0.87,0.43,127.00,669.00,121.00,"{'0': {'precision': 0.43349753694581283, 'recall': 0.6929133858267716, 'f1-score': 0.5333333333333333, 'support': 127}, '1': {'precision': 0.873046875, 'recall': 0.6681614349775785, 'f1-score': 0.7569856054191364, 'support': 669}, '2': {'precision': 0.42574257425742573, 'recall': 0.7107438016528925, 'f1-score': 0.5325077399380804, 'support': 121}, 'micro avg': {'precision': 0.6772082878953108, 'recall': 0.6772082878953108, 'f1-score': 0.6772082878953108, 'support': 917}, 'macro avg': {'precision': 0.5774289954010795, 'recall': 0.6906062074857475, 'f1-score': 0.60760889289685, 'support': 917}, 'weighted avg': {'precision': 0.7531487437865504, 'recall': 0.6772082878953108, 'f1-score': 0.6963905560427953, 'support': 917}}",0.44
5,clf,gboosting,basic,ALL_YES_1_1_1,30_90,included,basic,0.65,{'n_estimators': 50},0.67,0.71,0.50,0.82,0.46,161.00,613.00,143.00,"{'0': {'precision': 0.5024630541871922, 'recall': 0.6335403726708074, 'f1-score': 0.5604395604395603, 'support': 161}, '1': {'precision': 0.81640625, 'recall': 0.6818923327895595, 'f1-score': 0.7431111111111112, 'support': 613}, '2': {'precision': 0.4603960396039604, 'recall': 0.6503496503496503, 'f1-score': 0.5391304347826087, 'support': 143}, 'micro avg': {'precision': 0.6684841875681571, 'recall': 0.6684841875681571, 'f1-score': 0.6684841875681571, 'support': 917}, 'macro avg': {'precision': 0.5930884479303842, 'recall': 0.6552607852700058, 'f1-score': 0.6142270354444267, 'support': 917}, 'weighted avg': {'precision': 0.7057690475872457, 'recall': 0.6684841875681571, 'f1-score': 0.6792295883487387, 'support': 917}}",1.30
6,clf,ada,basic,ALL_YES_1_1_1,30_90,included,basic,0.64,{'n_estimators': 10},0.65,0.69,0.51,0.80,0.43,168.00,605.00,144.00,"{'0': {'precision': 0.5123152709359606, 'recall': 0.6190476190476191, 'f1-score': 0.5606469002695418, 'support': 168}, '1': {'precision': 0.796875, 'recall': 0.6743801652892562, 'f1-score': 0.7305282005371531, 'support': 605}, '2': {'precision': 0.4306930693069307, 'recall': 0.6041666666666666, 'f1-score': 0.5028901734104045, 'support': 144}, 'micro avg': {'precision': 0.653217011995638, 'recall': 0.653217011995638, 'f1-score': 0.653217011995638, 'support': 917}, 'macro avg': {'precision': 0.5799611134142971, 'recall': 0.6325314836678473, 'f1-score': 0.5980217580723665, 'support': 917}, 'weighted avg': {'precision': 0.6872389776417006, 'recall': 0.653217011995638, 'f1-score': 0.6636580431203477, 'support': 917}}",0.42
0,clf,kn,all,ALL_YES_1_1_1,30_90,included,basic,0.64,{'n_neighbors': 51},0.65,0.78,0.32,0.90,0.33,99.00,727.00,91.00,"{'0': {'precision': 0.32019704433497537, 'recall': 0.6565656565656566, 'f1-score': 0.43046357615894043, 'support': 99}, '1': {'precision': 0.904296875, 'recall': 0.6368638239339752, 'f1-score': 0.7473769168684422, 'support': 727}, '2': {'precision': 0.32673267326732675, 'recall': 0.7252747252747253, 'f1-score': 0.45051194539249145, 'support': 91}, 'micro avg': {'precision': 0.6477644492911668, 'recall': 0.6477644492911668, 'f1-score': 0.6477644492911668, 'support': 917}, 'macro avg': {'precision': 0.5170755308674341, 'recall': 0.6729014019247858, 'f1-score': 0.5427841461399581, 'support': 917}, 'weighted avg': {'precision': 0.7839214926733798, 'recall': 0.6477644492911668, 'f1-score': 0.6837028349332708, 'support': 917}}",3.94
1,clf,svc-rbf,all,ALL_YES_1_1_1,30_90,included,basic,0.54,"{'C': 1, 'gamma': 1}",0.56,1.00,0.00,1.00,0.00,0.00,917.00,0.00,"{'0': {'precision': 0.0, 'recall': 0.0, 'f1-score': 0.0, 'support': 0}, '1': {'precision': 1.0, 'recall': 0.5583424209378408, 'f1-score': 0.7165850244926523, 'support': 917}, '2': {'precision': 0.0, 'recall': 0.0, 'f1-score': 0.0, 'support': 0}, 'micro avg': {'precision': 0.5583424209378408, 'recall': 0.5583424209378408, 'f1-score': 0.5583424209378408, 'support': 917}, 'macro avg': {'precision': 0.3333333333333333, 'recall': 0.1861141403126136, 'f1-score': 0.23886167483088408, 'support': 917}, 'weighted avg': {'precision': 1.0, 'recall': 0.5583424209378408, 'f1-score': 0.7165850244926523, 'support': 917}}",3.26
2,clf,dtree,all,ALL_YES_1_1_1,30_90,included,basic,0.66,"{'max_depth': 3, 'min_samples_leaf': 100}",0.67,0.72,0.52,0.83,0.42,170.00,631.00,116.00,"{'0': {'precision': 0.5221674876847291, 'recall': 0.6235294117647059, 'f1-score': 0.5683646112600536, 'support': 170}, '1': {'precision': 0.833984375, 'recall': 0.6767036450079239, 'f1-score': 0.747156605424322, 'support': 631}, '2': {'precision': 0.4207920792079208, 'recall': 0.7327586206896551, 'f1-score': 0.5345911949685533, 'support': 116}, 'micro avg': {'precision': 0.6739367502726281, 'recall': 0.6739367502726281, 'f1-score': 0.6739367502726281, 'support': 917}, 'macro avg': {'precision': 0.5923146472975499, 'recall': 0.6776638924874283, 'f1-score': 0.6167041372176431, 'support': 917}, 'weighted avg': {'precision': 0.7239089364444088, 'recall': 0.6739367502726281, 'f1-score': 0.6871214618901946, 'support': 917}}",0.30
3,clf,rforest,all,ALL_YES_1_1_1,30_90,included,basic,0.66,"{'max_depth': 7, 'min_samples_leaf': 20, 'n_estimators': 50}",0.66,0.73,0.45,0.85,0.40,136.00,655.00,126.00,"{'0': {'precision': 0.45320197044334976, 'recall': 0.6764705882352942, 'f1-score': 0.5427728613569321, 'support': 136}, '1': {'precision': 0.8515625, 'recall': 0.665648854961832, 'f1-score': 0.7472150814053128, 'support': 655}, '2': {'precision': 0.400990099009901, 'recall': 0.6428571428571429, 'f1-score': 0.4939024390243903, 'support': 126}, 'micro avg': {'precision': 0.6641221374045801, 'recall': 0.6641221374045801, 'f1-score': 0.6641221374045801, 'support': 917}, 'macro avg': {'precision': 0.5685848564844168, 'recall': 0.6616588620180898, 'f1-score': 0.5946301272622118, 'support': 917}, 'weighted avg': {'precision': 0.7305710555676587, 'recall': 0.6641221374045801, 'f1-score': 0.6820879986718603, 'support': 917}}",11.97
4,clf,xgb,all,ALL_YES_1_1_1,30_90,included,basic,0.66,{'n_estimators': 50},0.67,0.72,0.48,0.84,0.44,143.00,634.00,140.00,"{'0': {'precision': 0.4827586206896552, 'recall': 0.6853146853146853, 'f1-score': 0.5664739884393064, 'support': 143}, '1': {'precision': 0.83984375, 'recall': 0.6782334384858044, 'f1-score': 0.7504363001745201, 'support': 634}, '2': {'precision': 0.4405940594059406, 'recall': 0.6357142857142857, 'f1-score': 0.52046783625731, 'support': 140}, 'micro avg': {'precision': 0.6728462377317339, 'recall': 0.6728462377317339, 'f1-score': 0.6728462377317339, 'support': 917}, 'macro avg': {'precision': 0.5877321433651986, 'recall': 0.6664208031715918, 'f1-score': 0.6124593749570456, 'support': 917}, 'weighted avg': {'precision': 0.7232045676940594, 'recall': 0.6728462377317339, 'f1-score': 0.6866389222829771, 'support': 917}}",0.53
5,clf,gboosting,all,ALL_YES_1_1_1,30_90,included,basic,0.65,{'n_estimators': 10},0.66,0.75,0.39,0.87,0.42,118.00,680.00,119.00,"{'0': {'precision': 0.3891625615763547, 'recall': 0.6694915254237288, 'f1-score': 0.4922118380062305, 'support': 118}, '1': {'precision': 0.87109375, 'recall': 0.6558823529411765, 'f1-score': 0.7483221476510067, 'support': 680}, '2': {'precision': 0.4158415841584158, 'recall': 0.7058823529411765, 'f1-score': 0.5233644859813085, 'support': 119}, 'micro avg': {'precision': 0.6641221374045801, 'recall': 0.6641221374045801, 'f1-score': 0.6641221374045801, 'support': 917}, 'macro avg': {'precision': 0.5586992985782568, 'recall': 0.6770854104353606, 'f1-score': 0.5879661572128486, 'support': 917}, 'weighted avg': {'precision': 0.7500000880925424, 'recall': 0.6641221374045801, 'f1-score': 0.6861727711223504, 'support': 917}}",1.52
6,clf,ada,all,ALL_YES_1_1_1,30_90,included,basic,0.64,{'n_estimators': 10},0.65,0.69,0.51,0.80,0.43,168.00,605.00,144.00,"{'0': {'precision': 0.5123152709359606, 'recall': 0.6190476190476191, 'f1-score': 0.5606469002695418, 'support': 168}, '1': {'precision': 0.796875, 'recall': 0.6743801652892562, 'f1-score': 0.7305282005371531, 'support': 605}, '2': {'precision': 0.4306930693069307, 'recall': 0.6041666666666666, 'f1-score': 0.5028901734104045, 'support': 144}, 'micro avg': {'precision': 0.653217011995638, 'recall': 0.653217011995638, 'f1-score': 0.653217011995638, 'support': 917}, 'macro avg': {'precision': 0.5799611134142971, 'recall': 0.6325314836678473, 'f1-score': 0.5980217580723665, 'support': 917}, 'weighted avg': {'precision': 0.6872389776417006, 'recall': 0.653217011995638, 'f1-score': 0.6636580431203477, 'support': 917}}",0.46
0,clf,kn,basic,ALL_YES_3_2_1,30_90,included,basic,0.64,{'n_neighbors': 51},0.65,0.78,0.37,0.90,0.31,112.00,714.00,91.00,"{'0': {'precision': 0.37438423645320196, 'recall': 0.6785714285714286, 'f1-score': 0.4825396825396825, 'support': 112}, '1': {'precision': 0.8984375, 'recall': 0.6442577030812325, 'f1-score': 0.7504078303425775, 'support': 714}, '2': {'precision': 0.3069306930693069, 'recall': 0.6813186813186813, 'f1-score': 0.42320819112627983, 'support': 91}, 'micro avg': {'precision': 0.6521264994547438, 'recall': 0.6521264994547438, 'f1-score': 0.6521264994547438, 'support': 917}, 'macro avg': {'precision': 0.5265841431741697, 'recall': 0.6680492709904474, 'f1-score': 0.55205190133618, 'support': 917}, 'weighted avg': {'precision': 0.7757318457492536, 'recall': 0.6521264994547438, 'f1-score': 0.6852209167955685, 'support': 917}}",3.91
1,clf,svc-rbf,basic,ALL_YES_3_2_1,30_90,included,basic,0.54,"{'C': 1, 'gamma': 1}",0.56,1.00,0.00,1.00,0.00,0.00,917.00,0.00,"{'0': {'precision': 0.0, 'recall': 0.0, 'f1-score': 0.0, 'support': 0}, '1': {'precision': 1.0, 'recall': 0.5583424209378408, 'f1-score': 0.7165850244926523, 'support': 917}, '2': {'precision': 0.0, 'recall': 0.0, 'f1-score': 0.0, 'support': 0}, 'micro avg': {'precision': 0.5583424209378408, 'recall': 0.5583424209378408, 'f1-score': 0.5583424209378408, 'support': 917}, 'macro avg': {'precision': 0.3333333333333333, 'recall': 0.1861141403126136, 'f1-score': 0.23886167483088408, 'support': 917}, 'weighted avg': {'precision': 1.0, 'recall': 0.5583424209378408, 'f1-score': 0.7165850244926523, 'support': 917}}",3.04
2,clf,dtree,basic,ALL_YES_3_2_1,30_90,included,basic,0.66,"{'max_depth': 3, 'min_samples_leaf': 100}",0.67,0.72,0.52,0.83,0.42,170.00,631.00,116.00,"{'0': {'precision': 0.5221674876847291, 'recall': 0.6235294117647059, 'f1-score': 0.5683646112600536, 'support': 170}, '1': {'precision': 0.833984375, 'recall': 0.6767036450079239, 'f1-score': 0.747156605424322, 'support': 631}, '2': {'precision': 0.4207920792079208, 'recall': 0.7327586206896551, 'f1-score': 0.5345911949685533, 'support': 116}, 'micro avg': {'precision': 0.6739367502726281, 'recall': 0.6739367502726281, 'f1-score': 0.6739367502726281, 'support': 917}, 'macro avg': {'precision': 0.5923146472975499, 'recall': 0.6776638924874283, 'f1-score': 0.6167041372176431, 'support': 917}, 'weighted avg': {'precision': 0.7239089364444088, 'recall': 0.6739367502726281, 'f1-score': 0.6871214618901946, 'support': 917}}",0.26
3,clf,rforest,basic,ALL_YES_3_2_1,30_90,included,basic,0.65,"{'max_depth': 6, 'min_samples_leaf': 10, 'n_estimators': 10}",0.65,0.72,0.40,0.84,0.42,130.00,654.00,133.00,"{'0': {'precision': 0.4039408866995074, 'recall': 0.6307692307692307, 'f1-score': 0.49249249249249255, 'support': 130}, '1': {'precision': 0.83984375, 'recall': 0.6574923547400612, 'f1-score': 0.7375643224699828, 'support': 654}, '2': {'precision': 0.4207920792079208, 'recall': 0.6390977443609023, 'f1-score': 0.5074626865671642, 'support': 133}, 'micro avg': {'precision': 0.6510359869138496, 'recall': 0.6510359869138496, 'f1-score': 0.6510359869138496, 'support': 917}, 'macro avg': {'precision': 0.5548589053024761, 'recall': 0.6424531099567314, 'f1-score': 0.5791731671765464, 'support': 917}, 'weighted avg': {'precision': 0.7172687833212534, 'recall': 0.6510359869138496, 'f1-score': 0.6694477952375416, 'support': 917}}",11.44
4,clf,xgb,basic,ALL_YES_3_2_1,30_90,included,basic,0.65,{'n_estimators': 10},0.67,0.74,0.44,0.86,0.43,129.00,661.00,127.00,"{'0': {'precision': 0.43842364532019706, 'recall': 0.689922480620155, 'f1-score': 0.5361445783132531, 'support': 129}, '1': {'precision': 0.86328125, 'recall': 0.6686838124054463, 'f1-score': 0.7536231884057972, 'support': 661}, '2': {'precision': 0.4306930693069307, 'recall': 0.6850393700787402, 'f1-score': 0.5288753799392096, 'support': 127}, 'micro avg': {'precision': 0.6739367502726281, 'recall': 0.6739367502726281, 'f1-score': 0.6739367502726281, 'support': 917}, 'macro avg': {'precision': 0.5774659882090426, 'recall': 0.6812152210347805, 'f1-score': 0.60621438221942, 'support': 917}, 'weighted avg': {'precision': 0.7436025913830814, 'recall': 0.6739367502726281, 'f1-score': 0.6919026732725424, 'support': 917}}",0.45
5,clf,gboosting,basic,ALL_YES_3_2_1,30_90,included,basic,0.65,{'n_estimators': 50},0.67,0.71,0.49,0.83,0.46,152.00,620.00,145.00,"{'0': {'precision': 0.4876847290640394, 'recall': 0.6513157894736842, 'f1-score': 0.5577464788732395, 'support': 152}, '1': {'precision': 0.826171875, 'recall': 0.682258064516129, 'f1-score': 0.7473498233215548, 'support': 620}, '2': {'precision': 0.45544554455445546, 'recall': 0.6344827586206897, 'f1-score': 0.5302593659942363, 'support': 145}, 'micro avg': {'precision': 0.6695747001090513, 'recall': 0.6695747001090513, 'f1-score': 0.6695747001090513, 'support': 917}, 'macro avg': {'precision': 0.5897673828728316, 'recall': 0.6560188708701676, 'f1-score': 0.6117852227296768, 'support': 917}, 'weighted avg': {'precision': 0.7114441060830208, 'recall': 0.6695747001090513, 'f1-score': 0.6815942893318001, 'support': 917}}",1.41
6,clf,ada,basic,ALL_YES_3_2_1,30_90,included,basic,0.64,{'n_estimators': 10},0.65,0.69,0.51,0.80,0.43,168.00,605.00,144.00,"{'0': {'precision': 0.5123152709359606, 'recall': 0.6190476190476191, 'f1-score': 0.5606469002695418, 'support': 168}, '1': {'precision': 0.796875, 'recall': 0.6743801652892562, 'f1-score': 0.7305282005371531, 'support': 605}, '2': {'precision': 0.4306930693069307, 'recall': 0.6041666666666666, 'f1-score': 0.5028901734104045, 'support': 144}, 'micro avg': {'precision': 0.653217011995638, 'recall': 0.653217011995638, 'f1-score': 0.653217011995638, 'support': 917}, 'macro avg': {'precision': 0.5799611134142971, 'recall': 0.6325314836678473, 'f1-score': 0.5980217580723665, 'support': 917}, 'weighted avg': {'precision': 0.6872389776417006, 'recall': 0.653217011995638, 'f1-score': 0.6636580431203477, 'support': 917}}",0.46
0,clf,kn,all,ALL_YES_3_2_1,30_90,included,basic,0.64,{'n_neighbors': 51},0.65,0.78,0.33,0.90,0.33,100.00,725.00,92.00,"{'0': {'precision': 0.33004926108374383, 'recall': 0.67, 'f1-score': 0.4422442244224422, 'support': 100}, '1': {'precision': 0.904296875, 'recall': 0.6386206896551724, 'f1-score': 0.7485852869846402, 'support': 725}, '2': {'precision': 0.32673267326732675, 'recall': 0.717391304347826, 'f1-score': 0.44897959183673475, 'support': 92}, 'micro avg': {'precision': 0.6499454743729552, 'recall': 0.6499454743729552, 'f1-score': 0.6499454743729552, 'support': 917}, 'macro avg': {'precision': 0.5203596031170236, 'recall': 0.6753373313343328, 'f1-score': 0.5466030344146057, 'support': 917}, 'weighted avg': {'precision': 0.7837290800697584, 'recall': 0.6499454743729552, 'f1-score': 0.6851198232879913, 'support': 917}}",4.88
1,clf,svc-rbf,all,ALL_YES_3_2_1,30_90,included,basic,0.54,"{'C': 1, 'gamma': 1}",0.56,1.00,0.00,1.00,0.00,0.00,917.00,0.00,"{'0': {'precision': 0.0, 'recall': 0.0, 'f1-score': 0.0, 'support': 0}, '1': {'precision': 1.0, 'recall': 0.5583424209378408, 'f1-score': 0.7165850244926523, 'support': 917}, '2': {'precision': 0.0, 'recall': 0.0, 'f1-score': 0.0, 'support': 0}, 'micro avg': {'precision': 0.5583424209378408, 'recall': 0.5583424209378408, 'f1-score': 0.5583424209378408, 'support': 917}, 'macro avg': {'precision': 0.3333333333333333, 'recall': 0.1861141403126136, 'f1-score': 0.23886167483088408, 'support': 917}, 'weighted avg': {'precision': 1.0, 'recall': 0.5583424209378408, 'f1-score': 0.7165850244926523, 'support': 917}}",2.81
2,clf,dtree,all,ALL_YES_3_2_1,30_90,included,basic,0.66,"{'max_depth': 3, 'min_samples_leaf': 100}",0.67,0.72,0.52,0.83,0.42,170.00,631.00,116.00,"{'0': {'precision': 0.5221674876847291, 'recall': 0.6235294117647059, 'f1-score': 0.5683646112600536, 'support': 170}, '1': {'precision': 0.833984375, 'recall': 0.6767036450079239, 'f1-score': 0.747156605424322, 'support': 631}, '2': {'precision': 0.4207920792079208, 'recall': 0.7327586206896551, 'f1-score': 0.5345911949685533, 'support': 116}, 'micro avg': {'precision': 0.6739367502726281, 'recall': 0.6739367502726281, 'f1-score': 0.6739367502726281, 'support': 917}, 'macro avg': {'precision': 0.5923146472975499, 'recall': 0.6776638924874283, 'f1-score': 0.6167041372176431, 'support': 917}, 'weighted avg': {'precision': 0.7239089364444088, 'recall': 0.6739367502726281, 'f1-score': 0.6871214618901946, 'support': 917}}",0.25
3,clf,rforest,all,ALL_YES_3_2_1,30_90,included,basic,0.66,"{'max_depth': 7, 'min_samples_leaf': 20, 'n_estimators': 100}",0.67,0.73,0.47,0.85,0.40,139.00,656.00,122.00,"{'0': {'precision': 0.46798029556650245, 'recall': 0.6834532374100719, 'f1-score': 0.5555555555555556, 'support': 139}, '1': {'precision': 0.853515625, 'recall': 0.6661585365853658, 'f1-score': 0.7482876712328768, 'support': 656}, '2': {'precision': 0.400990099009901, 'recall': 0.6639344262295082, 'f1-score': 0.5, 'support': 122}, 'micro avg': {'precision': 0.6684841875681571, 'recall': 0.6684841875681571, 'f1-score': 0.6684841875681571, 'support': 917}, 'macro avg': {'precision': 0.5741620065254679, 'recall': 0.6711820667416486, 'f1-score': 0.6012810755961441, 'support': 917}, 'weighted avg': {'precision': 0.7348705596106344, 'recall': 0.6684841875681571, 'f1-score': 0.6860402775910462, 'support': 917}}",10.17
4,clf,xgb,all,ALL_YES_3_2_1,30_90,included,basic,0.65,{'n_estimators': 10},0.67,0.74,0.42,0.86,0.43,128.00,663.00,126.00,"{'0': {'precision': 0.4236453201970443, 'recall': 0.671875, 'f1-score': 0.5196374622356495, 'support': 128}, '1': {'precision': 0.861328125, 'recall': 0.665158371040724, 'f1-score': 0.7506382978723405, 'support': 663}, '2': {'precision': 0.4306930693069307, 'recall': 0.6904761904761905, 'f1-score': 0.5304878048780488, 'support': 126}, 'micro avg': {'precision': 0.6695747001090513, 'recall': 0.6695747001090513, 'f1-score': 0.6695747001090513, 'support': 917}, 'macro avg': {'precision': 0.5718888381679916, 'recall': 0.675836520505638, 'f1-score': 0.600254521662013, 'support': 917}, 'weighted avg': {'precision': 0.7410626767643348, 'recall': 0.6695747001090513, 'f1-score': 0.6881442203600426, 'support': 917}}",0.44
5,clf,gboosting,all,ALL_YES_3_2_1,30_90,included,basic,0.65,{'n_estimators': 50},0.66,0.71,0.48,0.82,0.45,150.00,622.00,145.00,"{'0': {'precision': 0.4827586206896552, 'recall': 0.6533333333333333, 'f1-score': 0.5552407932011332, 'support': 150}, '1': {'precision': 0.822265625, 'recall': 0.6768488745980707, 'f1-score': 0.7425044091710759, 'support': 622}, '2': {'precision': 0.44554455445544555, 'recall': 0.6206896551724138, 'f1-score': 0.5187319884726225, 'support': 145}, 'micro avg': {'precision': 0.6641221374045801, 'recall': 0.6641221374045801, 'f1-score': 0.6641221374045801, 'support': 917}, 'macro avg': {'precision': 0.5835229333817002, 'recall': 0.650290621034606, 'f1-score': 0.6054923969482772, 'support': 917}, 'weighted avg': {'precision': 0.7071613655937709, 'recall': 0.6641221374045801, 'f1-score': 0.6764885494145141, 'support': 917}}",1.39
6,clf,ada,all,ALL_YES_3_2_1,30_90,included,basic,0.64,{'n_estimators': 10},0.65,0.69,0.51,0.80,0.43,168.00,605.00,144.00,"{'0': {'precision': 0.5123152709359606, 'recall': 0.6190476190476191, 'f1-score': 0.5606469002695418, 'support': 168}, '1': {'precision': 0.796875, 'recall': 0.6743801652892562, 'f1-score': 0.7305282005371531, 'support': 605}, '2': {'precision': 0.4306930693069307, 'recall': 0.6041666666666666, 'f1-score': 0.5028901734104045, 'support': 144}, 'micro avg': {'precision': 0.653217011995638, 'recall': 0.653217011995638, 'f1-score': 0.653217011995638, 'support': 917}, 'macro avg': {'precision': 0.5799611134142971, 'recall': 0.6325314836678473, 'f1-score': 0.5980217580723665, 'support': 917}, 'weighted avg': {'precision': 0.6872389776417006, 'recall': 0.653217011995638, 'f1-score': 0.6636580431203477, 'support': 917}}",0.44
0,clf,kn,basic,High_NO_1_1_1,30_90,included,basic,0.59,{'n_neighbors': 11},0.58,0.63,0.55,0.74,0.35,137.00,295.00,72.00,"{'0': {'precision': 0.5527950310559007, 'recall': 0.6496350364963503, 'f1-score': 0.5973154362416108, 'support': 137}, '1': {'precision': 0.7393364928909952, 'recall': 0.5288135593220339, 'f1-score': 0.616600790513834, 'support': 295}, '2': {'precision': 0.3484848484848485, 'recall': 0.6388888888888888, 'f1-score': 0.45098039215686275, 'support': 72}, 'micro avg': {'precision': 0.5773809523809523, 'recall': 0.5773809523809523, 'f1-score': 0.5773809523809523, 'support': 504}, 'macro avg': {'precision': 0.5468721241439148, 'recall': 0.6057791615690911, 'f1-score': 0.5549655396374359, 'support': 504}, 'weighted avg': {'precision': 0.6327938368024031, 'recall': 0.5773809523809523, 'f1-score': 0.5876984845277299, 'support': 504}}",0.64
1,clf,svc-rbf,basic,High_NO_1_1_1,30_90,included,basic,0.45,"{'C': 1, 'gamma': 1}",0.42,1.00,0.00,1.00,0.00,0.00,504.00,0.00,"{'0': {'precision': 0.0, 'recall': 0.0, 'f1-score': 0.0, 'support': 0}, '1': {'precision': 1.0, 'recall': 0.41865079365079366, 'f1-score': 0.5902097902097903, 'support': 504}, '2': {'precision': 0.0, 'recall': 0.0, 'f1-score': 0.0, 'support': 0}, 'micro avg': {'precision': 0.41865079365079366, 'recall': 0.41865079365079366, 'f1-score': 0.41865079365079366, 'support': 504}, 'macro avg': {'precision': 0.3333333333333333, 'recall': 0.13955026455026456, 'f1-score': 0.19673659673659674, 'support': 504}, 'weighted avg': {'precision': 1.0, 'recall': 0.41865079365079366, 'f1-score': 0.5902097902097903, 'support': 504}}",0.72
2,clf,dtree,basic,High_NO_1_1_1,30_90,included,basic,0.63,"{'max_depth': 2, 'min_samples_leaf': 250}",0.61,0.64,0.67,0.68,0.41,170.00,264.00,70.00,"{'0': {'precision': 0.6708074534161491, 'recall': 0.6352941176470588, 'f1-score': 0.6525679758308157, 'support': 170}, '1': {'precision': 0.6824644549763034, 'recall': 0.5454545454545454, 'f1-score': 0.6063157894736843, 'support': 264}, '2': {'precision': 0.4090909090909091, 'recall': 0.7714285714285715, 'f1-score': 0.5346534653465347, 'support': 70}, 'micro avg': {'precision': 0.6071428571428571, 'recall': 0.6071428571428571, 'f1-score': 0.6071428571428571, 'support': 504}, 'macro avg': {'precision': 0.5874542724944539, 'recall': 0.6507257448433919, 'f1-score': 0.5978457435503449, 'support': 504}, 'weighted avg': {'precision': 0.6405639818072482, 'recall': 0.6071428571428571, 'f1-score': 0.6119636247748983, 'support': 504}}",0.13
3,clf,rforest,basic,High_NO_1_1_1,30_90,included,basic,0.63,"{'max_depth': 6, 'min_samples_leaf': 50, 'n_estimators': 50}",0.61,0.63,0.59,0.72,0.45,137.00,272.00,95.00,"{'0': {'precision': 0.5900621118012422, 'recall': 0.6934306569343066, 'f1-score': 0.6375838926174497, 'support': 137}, '1': {'precision': 0.7156398104265402, 'recall': 0.5551470588235294, 'f1-score': 0.6252587991718427, 'support': 272}, '2': {'precision': 0.45454545454545453, 'recall': 0.631578947368421, 'f1-score': 0.5286343612334802, 'support': 95}, 'micro avg': {'precision': 0.6071428571428571, 'recall': 0.6071428571428571, 'f1-score': 0.6071428571428571, 'support': 504}, 'macro avg': {'precision': 0.5867491255910791, 'recall': 0.6267188877087524, 'f1-score': 0.5971590176742576, 'support': 504}, 'weighted avg': {'precision': 0.6322903887591415, 'recall': 0.6071428571428571, 'f1-score': 0.6103961328978421, 'support': 504}}",6.87
4,clf,xgb,basic,High_NO_1_1_1,30_90,included,basic,0.64,{'n_estimators': 10},0.62,0.64,0.61,0.72,0.48,140.00,272.00,92.00,"{'0': {'precision': 0.6086956521739131, 'recall': 0.7, 'f1-score': 0.6511627906976744, 'support': 140}, '1': {'precision': 0.7156398104265402, 'recall': 0.5551470588235294, 'f1-score': 0.6252587991718427, 'support': 272}, '2': {'precision': 0.4772727272727273, 'recall': 0.6847826086956522, 'f1-score': 0.5625000000000001, 'support': 92}, 'micro avg': {'precision': 0.6190476190476191, 'recall': 0.6190476190476191, 'f1-score': 0.6190476190476191, 'support': 504}, 'macro avg': {'precision': 0.6005360632910602, 'recall': 0.6466432225063938, 'f1-score': 0.612973863289839, 'support': 504}, 'weighted avg': {'precision': 0.6424216481140034, 'recall': 0.6190476190476191, 'f1-score': 0.6209983810960628, 'support': 504}}",0.20
5,clf,gboosting,basic,High_NO_1_1_1,30_90,included,basic,0.63,{'n_estimators': 10},0.62,0.65,0.60,0.73,0.46,135.00,280.00,89.00,"{'0': {'precision': 0.6024844720496895, 'recall': 0.7185185185185186, 'f1-score': 0.6554054054054055, 'support': 135}, '1': {'precision': 0.7345971563981043, 'recall': 0.5535714285714286, 'f1-score': 0.6313645621181263, 'support': 280}, '2': {'precision': 0.4621212121212121, 'recall': 0.6853932584269663, 'f1-score': 0.5520361990950227, 'support': 89}, 'micro avg': {'precision': 0.621031746031746, 'recall': 0.621031746031746, 'f1-score': 0.621031746031746, 'support': 504}, 'macro avg': {'precision': 0.5997342801896687, 'recall': 0.6524944018389712, 'f1-score': 0.6129353888728515, 'support': 504}, 'weighted avg': {'precision': 0.6510940384860421, 'recall': 0.621031746031746, 'f1-score': 0.6237956921473454, 'support': 504}}",0.67
6,clf,ada,basic,High_NO_1_1_1,30_90,included,basic,0.62,{'n_estimators': 10},0.60,0.65,0.67,0.70,0.36,169.00,275.00,60.00,"{'0': {'precision': 0.6708074534161491, 'recall': 0.6390532544378699, 'f1-score': 0.6545454545454547, 'support': 169}, '1': {'precision': 0.6966824644549763, 'recall': 0.5345454545454545, 'f1-score': 0.6049382716049382, 'support': 275}, '2': {'precision': 0.3560606060606061, 'recall': 0.7833333333333333, 'f1-score': 0.48958333333333337, 'support': 60}, 'micro avg': {'precision': 0.5992063492063492, 'recall': 0.5992063492063492, 'f1-score': 0.5992063492063492, 'support': 504}, 'macro avg': {'precision': 0.5745168413105771, 'recall': 0.6523106807722193, 'f1-score': 0.5830223531612421, 'support': 504}, 'weighted avg': {'precision': 0.6474559002303255, 'recall': 0.5992063492063492, 'f1-score': 0.6078396954554363, 'support': 504}}",0.25
0,clf,kn,all,High_NO_1_1_1,30_90,included,basic,0.59,{'n_neighbors': 11},0.57,0.62,0.55,0.73,0.33,137.00,298.00,69.00,"{'0': {'precision': 0.5527950310559007, 'recall': 0.6496350364963503, 'f1-score': 0.5973154362416108, 'support': 137}, '1': {'precision': 0.7251184834123223, 'recall': 0.5134228187919463, 'f1-score': 0.6011787819253438, 'support': 298}, '2': {'precision': 0.32575757575757575, 'recall': 0.6231884057971014, 'f1-score': 0.4278606965174129, 'support': 69}, 'micro avg': {'precision': 0.5654761904761905, 'recall': 0.5654761904761905, 'f1-score': 0.5654761904761905, 'support': 504}, 'macro avg': {'precision': 0.5345570300752662, 'recall': 0.5954154203617993, 'f1-score': 0.5421183048947892, 'support': 504}, 'weighted avg': {'precision': 0.623602182616673, 'recall': 0.5654761904761905, 'f1-score': 0.5764005552352274, 'support': 504}}",0.66
1,clf,svc-rbf,all,High_NO_1_1_1,30_90,included,basic,0.45,"{'C': 1, 'gamma': 1}",0.42,1.00,0.00,1.00,0.00,0.00,504.00,0.00,"{'0': {'precision': 0.0, 'recall': 0.0, 'f1-score': 0.0, 'support': 0}, '1': {'precision': 1.0, 'recall': 0.41865079365079366, 'f1-score': 0.5902097902097903, 'support': 504}, '2': {'precision': 0.0, 'recall': 0.0, 'f1-score': 0.0, 'support': 0}, 'micro avg': {'precision': 0.41865079365079366, 'recall': 0.41865079365079366, 'f1-score': 0.41865079365079366, 'support': 504}, 'macro avg': {'precision': 0.3333333333333333, 'recall': 0.13955026455026456, 'f1-score': 0.19673659673659674, 'support': 504}, 'weighted avg': {'precision': 1.0, 'recall': 0.41865079365079366, 'f1-score': 0.5902097902097903, 'support': 504}}",0.75
2,clf,dtree,all,High_NO_1_1_1,30_90,included,basic,0.63,"{'max_depth': 2, 'min_samples_leaf': 250}",0.61,0.64,0.67,0.68,0.41,170.00,264.00,70.00,"{'0': {'precision': 0.6708074534161491, 'recall': 0.6352941176470588, 'f1-score': 0.6525679758308157, 'support': 170}, '1': {'precision': 0.6824644549763034, 'recall': 0.5454545454545454, 'f1-score': 0.6063157894736843, 'support': 264}, '2': {'precision': 0.4090909090909091, 'recall': 0.7714285714285715, 'f1-score': 0.5346534653465347, 'support': 70}, 'micro avg': {'precision': 0.6071428571428571, 'recall': 0.6071428571428571, 'f1-score': 0.6071428571428571, 'support': 504}, 'macro avg': {'precision': 0.5874542724944539, 'recall': 0.6507257448433919, 'f1-score': 0.5978457435503449, 'support': 504}, 'weighted avg': {'precision': 0.6405639818072482, 'recall': 0.6071428571428571, 'f1-score': 0.6119636247748983, 'support': 504}}",0.15
3,clf,rforest,all,High_NO_1_1_1,30_90,included,basic,0.63,"{'max_depth': 7, 'min_samples_leaf': 10, 'n_estimators': 10}",0.61,0.65,0.58,0.74,0.42,133.00,286.00,85.00,"{'0': {'precision': 0.5838509316770186, 'recall': 0.706766917293233, 'f1-score': 0.6394557823129252, 'support': 133}, '1': {'precision': 0.7440758293838863, 'recall': 0.548951048951049, 'f1-score': 0.6317907444668007, 'support': 286}, '2': {'precision': 0.4166666666666667, 'recall': 0.6470588235294118, 'f1-score': 0.5069124423963134, 'support': 85}, 'micro avg': {'precision': 0.6071428571428571, 'recall': 0.6071428571428571, 'f1-score': 0.6071428571428571, 'support': 504}, 'macro avg': {'precision': 0.5815311425758573, 'recall': 0.6342589299245646, 'f1-score': 0.5927196563920131, 'support': 504}, 'weighted avg': {'precision': 0.6465764440148842, 'recall': 0.6071428571428571, 'f1-score': 0.6127526380333547, 'support': 504}}",7.37
4,clf,xgb,all,High_NO_1_1_1,30_90,included,basic,0.63,{'n_estimators': 50},0.62,0.65,0.61,0.72,0.49,142.00,267.00,95.00,"{'0': {'precision': 0.6149068322981367, 'recall': 0.6971830985915493, 'f1-score': 0.6534653465346534, 'support': 142}, '1': {'precision': 0.7156398104265402, 'recall': 0.5655430711610487, 'f1-score': 0.6317991631799164, 'support': 267}, '2': {'precision': 0.49242424242424243, 'recall': 0.6842105263157895, 'f1-score': 0.5726872246696035, 'support': 95}, 'micro avg': {'precision': 0.625, 'recall': 0.625, 'f1-score': 0.625, 'support': 504}, 'macro avg': {'precision': 0.6076569617163065, 'recall': 0.6489788986894625, 'f1-score': 0.6193172447947245, 'support': 504}, 'weighted avg': {'precision': 0.6451843305565966, 'recall': 0.625, 'f1-score': 0.6267613930963706, 'support': 504}}",0.24
5,clf,gboosting,all,High_NO_1_1_1,30_90,included,basic,0.63,{'n_estimators': 10},0.60,0.63,0.58,0.71,0.46,134.00,280.00,90.00,"{'0': {'precision': 0.577639751552795, 'recall': 0.6940298507462687, 'f1-score': 0.6305084745762711, 'support': 134}, '1': {'precision': 0.7109004739336493, 'recall': 0.5357142857142857, 'f1-score': 0.6109979633401222, 'support': 280}, '2': {'precision': 0.4621212121212121, 'recall': 0.6777777777777778, 'f1-score': 0.5495495495495495, 'support': 90}, 'micro avg': {'precision': 0.6031746031746031, 'recall': 0.6031746031746031, 'f1-score': 0.6031746031746031, 'support': 504}, 'macro avg': {'precision': 0.5835538125358856, 'recall': 0.635840638079444, 'f1-score': 0.5970186624886477, 'support': 504}, 'weighted avg': {'precision': 0.6310451755960425, 'recall': 0.6031746031746031, 'f1-score': 0.6052123507696706, 'support': 504}}",0.76
6,clf,ada,all,High_NO_1_1_1,30_90,included,basic,0.61,{'n_estimators': 10},0.60,0.65,0.68,0.70,0.36,169.00,275.00,60.00,"{'0': {'precision': 0.6770186335403726, 'recall': 0.6449704142011834, 'f1-score': 0.6606060606060606, 'support': 169}, '1': {'precision': 0.6966824644549763, 'recall': 0.5345454545454545, 'f1-score': 0.6049382716049382, 'support': 275}, '2': {'precision': 0.3560606060606061, 'recall': 0.7833333333333333, 'f1-score': 0.48958333333333337, 'support': 60}, 'micro avg': {'precision': 0.6011904761904762, 'recall': 0.6011904761904762, 'f1-score': 0.6011904761904762, 'support': 504}, 'macro avg': {'precision': 0.5765872346853183, 'recall': 0.6542830673599904, 'f1-score': 0.5850425551814441, 'support': 504}, 'weighted avg': {'precision': 0.6495386173751545, 'recall': 0.6011904761904762, 'f1-score': 0.6098719224876632, 'support': 504}}",0.27
0,clf,kn,basic,High_YES_1_1_1,30_90,included,basic,0.62,{'n_neighbors': 71},0.59,0.71,0.43,0.84,0.33,68.00,274.00,47.00,"{'0': {'precision': 0.43119266055045874, 'recall': 0.6911764705882353, 'f1-score': 0.5310734463276836, 'support': 68}, '1': {'precision': 0.8418079096045198, 'recall': 0.5437956204379562, 'f1-score': 0.6607538802660754, 'support': 274}, '2': {'precision': 0.3300970873786408, 'recall': 0.723404255319149, 'f1-score': 0.45333333333333337, 'support': 47}, 'micro avg': {'precision': 0.5912596401028277, 'recall': 0.5912596401028277, 'f1-score': 0.5912596401028277, 'support': 389}, 'macro avg': {'precision': 0.5343658858445398, 'recall': 0.6527921154484467, 'f1-score': 0.5483868866423641, 'support': 389}, 'weighted avg': {'precision': 0.7082031651821741, 'recall': 0.5912596401028277, 'f1-score': 0.6130237126217323, 'support': 389}}",0.47
1,clf,svc-rbf,basic,High_YES_1_1_1,30_90,included,basic,0.48,"{'C': 1, 'gamma': 1}",0.46,1.00,0.00,1.00,0.00,0.00,389.00,0.00,"{'0': {'precision': 0.0, 'recall': 0.0, 'f1-score': 0.0, 'support': 0}, '1': {'precision': 1.0, 'recall': 0.455012853470437, 'f1-score': 0.6254416961130742, 'support': 389}, '2': {'precision': 0.0, 'recall': 0.0, 'f1-score': 0.0, 'support': 0}, 'micro avg': {'precision': 0.455012853470437, 'recall': 0.455012853470437, 'f1-score': 0.455012853470437, 'support': 389}, 'macro avg': {'precision': 0.3333333333333333, 'recall': 0.15167095115681234, 'f1-score': 0.20848056537102475, 'support': 389}, 'weighted avg': {'precision': 1.0, 'recall': 0.455012853470437, 'f1-score': 0.6254416961130742, 'support': 389}}",0.42
2,clf,dtree,basic,High_YES_1_1_1,30_90,included,basic,0.63,"{'max_depth': 2, 'min_samples_leaf': 200}",0.60,0.72,0.38,0.86,0.40,53.00,276.00,60.00,"{'0': {'precision': 0.3761467889908257, 'recall': 0.7735849056603774, 'f1-score': 0.5061728395061729, 'support': 53}, '1': {'precision': 0.8587570621468926, 'recall': 0.5507246376811594, 'f1-score': 0.6710816777041944, 'support': 276}, '2': {'precision': 0.39805825242718446, 'recall': 0.6833333333333333, 'f1-score': 0.5030674846625767, 'support': 60}, 'micro avg': {'precision': 0.6015424164524421, 'recall': 0.6015424164524421, 'f1-score': 0.6015424164524421, 'support': 389}, 'macro avg': {'precision': 0.544320701188301, 'recall': 0.6692142922249568, 'f1-score': 0.560107333957648, 'support': 389}, 'weighted avg': {'precision': 0.7219440208603783, 'recall': 0.6015424164524421, 'f1-score': 0.6226985928533146, 'support': 389}}",0.09
3,clf,rforest,basic,High_YES_1_1_1,30_90,included,basic,0.62,"{'max_depth': 5, 'min_samples_leaf': 10, 'n_estimators': 10}",0.59,0.68,0.42,0.82,0.37,69.00,263.00,57.00,"{'0': {'precision': 0.42201834862385323, 'recall': 0.6666666666666666, 'f1-score': 0.5168539325842697, 'support': 69}, '1': {'precision': 0.8192090395480226, 'recall': 0.5513307984790875, 'f1-score': 0.6590909090909092, 'support': 263}, '2': {'precision': 0.36893203883495146, 'recall': 0.6666666666666666, 'f1-score': 0.47500000000000003, 'support': 57}, 'micro avg': {'precision': 0.5886889460154242, 'recall': 0.5886889460154242, 'f1-score': 0.5886889460154242, 'support': 389}, 'macro avg': {'precision': 0.5367198090022758, 'recall': 0.628221377270807, 'f1-score': 0.5503149472250596, 'support': 389}, 'weighted avg': {'precision': 0.6827772999222829, 'recall': 0.5886889460154242, 'f1-score': 0.6068864535712692, 'support': 389}}",6.01
4,clf,xgb,basic,High_YES_1_1_1,30_90,included,basic,0.63,{'n_estimators': 10},0.60,0.68,0.47,0.81,0.37,75.00,258.00,56.00,"{'0': {'precision': 0.46788990825688076, 'recall': 0.68, 'f1-score': 0.5543478260869567, 'support': 75}, '1': {'precision': 0.8135593220338984, 'recall': 0.5581395348837209, 'f1-score': 0.6620689655172414, 'support': 258}, '2': {'precision': 0.36893203883495146, 'recall': 0.6785714285714286, 'f1-score': 0.47798742138364775, 'support': 56}, 'micro avg': {'precision': 0.5989717223650386, 'recall': 0.5989717223650386, 'f1-score': 0.5989717223650386, 'support': 389}, 'macro avg': {'precision': 0.5501270897085769, 'recall': 0.6389036544850498, 'f1-score': 0.5648014043292818, 'support': 389}, 'weighted avg': {'precision': 0.6829055074004348, 'recall': 0.5989717223650386, 'f1-score': 0.6147999374227616, 'support': 389}}",0.16
5,clf,gboosting,basic,High_YES_1_1_1,30_90,included,basic,0.62,{'n_estimators': 50},0.59,0.63,0.53,0.73,0.42,91.00,228.00,70.00,"{'0': {'precision': 0.5321100917431193, 'recall': 0.6373626373626373, 'f1-score': 0.5800000000000001, 'support': 91}, '1': {'precision': 0.7288135593220338, 'recall': 0.5657894736842105, 'f1-score': 0.6370370370370371, 'support': 228}, '2': {'precision': 0.4174757281553398, 'recall': 0.6142857142857143, 'f1-score': 0.4971098265895954, 'support': 70}, 'micro avg': {'precision': 0.5912596401028277, 'recall': 0.5912596401028277, 'f1-score': 0.5912596401028277, 'support': 389}, 'macro avg': {'precision': 0.5594664597401643, 'recall': 0.6058126084441874, 'f1-score': 0.5713822878755442, 'support': 389}, 'weighted avg': {'precision': 0.6267732926604662, 'recall': 0.5912596401028277, 'f1-score': 0.5985144789350029, 'support': 389}}",0.56
6,clf,ada,basic,High_YES_1_1_1,30_90,included,basic,0.60,{'n_estimators': 10},0.59,0.61,0.55,0.70,0.44,102.00,215.00,72.00,"{'0': {'precision': 0.5504587155963303, 'recall': 0.5882352941176471, 'f1-score': 0.5687203791469195, 'support': 102}, '1': {'precision': 0.7005649717514124, 'recall': 0.5767441860465117, 'f1-score': 0.6326530612244897, 'support': 215}, '2': {'precision': 0.4368932038834951, 'recall': 0.625, 'f1-score': 0.5142857142857142, 'support': 72}, 'micro avg': {'precision': 0.5886889460154242, 'recall': 0.5886889460154242, 'f1-score': 0.5886889460154242, 'support': 389}, 'macro avg': {'precision': 0.562638963743746, 'recall': 0.5966598267213863, 'f1-score': 0.5718863848857079, 'support': 389}, 'weighted avg': {'precision': 0.6124024899665578, 'recall': 0.5886889460154242, 'f1-score': 0.5939806125059705, 'support': 389}}",0.22
0,clf,kn,all,High_YES_1_1_1,30_90,included,basic,0.62,{'n_neighbors': 31},0.59,0.69,0.44,0.82,0.34,73.00,268.00,48.00,"{'0': {'precision': 0.44036697247706424, 'recall': 0.6575342465753424, 'f1-score': 0.5274725274725275, 'support': 73}, '1': {'precision': 0.8248587570621468, 'recall': 0.5447761194029851, 'f1-score': 0.6561797752808988, 'support': 268}, '2': {'precision': 0.33980582524271846, 'recall': 0.7291666666666666, 'f1-score': 0.4635761589403974, 'support': 48}, 'micro avg': {'precision': 0.5886889460154242, 'recall': 0.5886889460154242, 'f1-score': 0.5886889460154242, 'support': 389}, 'macro avg': {'precision': 0.5350105182606432, 'recall': 0.6438256775483313, 'f1-score': 0.5490761538979413, 'support': 389}, 'weighted avg': {'precision': 0.6928524819926261, 'recall': 0.5886889460154242, 'f1-score': 0.6082604882002942, 'support': 389}}",0.56
1,clf,svc-rbf,all,High_YES_1_1_1,30_90,included,basic,0.48,"{'C': 1, 'gamma': 1}",0.46,1.00,0.00,1.00,0.00,0.00,389.00,0.00,"{'0': {'precision': 0.0, 'recall': 0.0, 'f1-score': 0.0, 'support': 0}, '1': {'precision': 1.0, 'recall': 0.455012853470437, 'f1-score': 0.6254416961130742, 'support': 389}, '2': {'precision': 0.0, 'recall': 0.0, 'f1-score': 0.0, 'support': 0}, 'micro avg': {'precision': 0.455012853470437, 'recall': 0.455012853470437, 'f1-score': 0.455012853470437, 'support': 389}, 'macro avg': {'precision': 0.3333333333333333, 'recall': 0.15167095115681234, 'f1-score': 0.20848056537102475, 'support': 389}, 'weighted avg': {'precision': 1.0, 'recall': 0.455012853470437, 'f1-score': 0.6254416961130742, 'support': 389}}",0.46
2,clf,dtree,all,High_YES_1_1_1,30_90,included,basic,0.63,"{'max_depth': 2, 'min_samples_leaf': 200}",0.60,0.72,0.38,0.86,0.40,53.00,276.00,60.00,"{'0': {'precision': 0.3761467889908257, 'recall': 0.7735849056603774, 'f1-score': 0.5061728395061729, 'support': 53}, '1': {'precision': 0.8587570621468926, 'recall': 0.5507246376811594, 'f1-score': 0.6710816777041944, 'support': 276}, '2': {'precision': 0.39805825242718446, 'recall': 0.6833333333333333, 'f1-score': 0.5030674846625767, 'support': 60}, 'micro avg': {'precision': 0.6015424164524421, 'recall': 0.6015424164524421, 'f1-score': 0.6015424164524421, 'support': 389}, 'macro avg': {'precision': 0.544320701188301, 'recall': 0.6692142922249568, 'f1-score': 0.560107333957648, 'support': 389}, 'weighted avg': {'precision': 0.7219440208603783, 'recall': 0.6015424164524421, 'f1-score': 0.6226985928533146, 'support': 389}}",0.11
3,clf,rforest,all,High_YES_1_1_1,30_90,included,basic,0.63,"{'max_depth': 6, 'min_samples_leaf': 30, 'n_estimators': 10}",0.61,0.68,0.49,0.80,0.41,77.00,252.00,60.00,"{'0': {'precision': 0.48623853211009177, 'recall': 0.6883116883116883, 'f1-score': 0.5698924731182796, 'support': 77}, '1': {'precision': 0.7966101694915254, 'recall': 0.5595238095238095, 'f1-score': 0.6573426573426574, 'support': 252}, '2': {'precision': 0.4077669902912621, 'recall': 0.7, 'f1-score': 0.5153374233128835, 'support': 60}, 'micro avg': {'precision': 0.6066838046272494, 'recall': 0.6066838046272494, 'f1-score': 0.6066838046272494, 'support': 389}, 'macro avg': {'precision': 0.5635385639642931, 'recall': 0.6492784992784993, 'f1-score': 0.5808575179246068, 'support': 389}, 'weighted avg': {'precision': 0.67519832673989, 'recall': 0.6066838046272494, 'f1-score': 0.6181293457049619, 'support': 389}}",6.31
4,clf,xgb,all,High_YES_1_1_1,30_90,included,basic,0.62,{'n_estimators': 50},0.60,0.65,0.51,0.76,0.42,87.00,236.00,66.00,"{'0': {'precision': 0.5137614678899083, 'recall': 0.6436781609195402, 'f1-score': 0.5714285714285714, 'support': 87}, '1': {'precision': 0.7570621468926554, 'recall': 0.5677966101694916, 'f1-score': 0.648910411622276, 'support': 236}, '2': {'precision': 0.4174757281553398, 'recall': 0.6515151515151515, 'f1-score': 0.5088757396449705, 'support': 66}, 'micro avg': {'precision': 0.5989717223650386, 'recall': 0.5989717223650386, 'f1-score': 0.5989717223650386, 'support': 389}, 'macro avg': {'precision': 0.5627664476459678, 'recall': 0.6209966408680611, 'f1-score': 0.5764049075652725, 'support': 389}, 'weighted avg': {'precision': 0.6450316514944501, 'recall': 0.5989717223650386, 'f1-score': 0.6078224721689226, 'support': 389}}",0.20
5,clf,gboosting,all,High_YES_1_1_1,30_90,included,basic,0.62,{'n_estimators': 10},0.60,0.68,0.50,0.81,0.37,79.00,253.00,57.00,"{'0': {'precision': 0.4954128440366973, 'recall': 0.6835443037974683, 'f1-score': 0.574468085106383, 'support': 79}, '1': {'precision': 0.807909604519774, 'recall': 0.5652173913043478, 'f1-score': 0.6651162790697673, 'support': 253}, '2': {'precision': 0.36893203883495146, 'recall': 0.6666666666666666, 'f1-score': 0.47500000000000003, 'support': 57}, 'micro avg': {'precision': 0.6041131105398457, 'recall': 0.6041131105398457, 'f1-score': 0.6041131105398457, 'support': 389}, 'macro avg': {'precision': 0.5574181624638076, 'recall': 0.6384761205894942, 'f1-score': 0.5715281213920501, 'support': 389}, 'weighted avg': {'precision': 0.6801230612750492, 'recall': 0.6041131105398457, 'f1-score': 0.618849350457726, 'support': 389}}",0.61
6,clf,ada,all,High_YES_1_1_1,30_90,included,basic,0.60,{'n_estimators': 10},0.59,0.61,0.55,0.70,0.44,102.00,215.00,72.00,"{'0': {'precision': 0.5504587155963303, 'recall': 0.5882352941176471, 'f1-score': 0.5687203791469195, 'support': 102}, '1': {'precision': 0.7005649717514124, 'recall': 0.5767441860465117, 'f1-score': 0.6326530612244897, 'support': 215}, '2': {'precision': 0.4368932038834951, 'recall': 0.625, 'f1-score': 0.5142857142857142, 'support': 72}, 'micro avg': {'precision': 0.5886889460154242, 'recall': 0.5886889460154242, 'f1-score': 0.5886889460154242, 'support': 389}, 'macro avg': {'precision': 0.562638963743746, 'recall': 0.5966598267213863, 'f1-score': 0.5718863848857079, 'support': 389}, 'weighted avg': {'precision': 0.6124024899665578, 'recall': 0.5886889460154242, 'f1-score': 0.5939806125059705, 'support': 389}}",0.23
