actual,country,datetime,forecast,forecast_error,impact,new,previous,previous_error,week,datetime_gmt,prediction_error,year,quarter,month,day_name
15,USD,2018-10-23 10:00:00,25,worse,Low,Richmond Manufacturing Index,29,accurate,43,2018-10-23 14:00:00+00:00,40.0,2018,4,10,Tuesday
0.3%,USD,2018-10-24 09:00:00,0.3%,accurate,Low,HPI m/m,0.4%,better,43,2018-10-24 13:00:00+00:00,0.0,2018,4,10,Wednesday
55.9,USD,2018-10-24 09:45:00,55.4,better,Low,Flash Manufacturing PMI,55.6,accurate,43,2018-10-24 13:45:00+00:00,-0.9,2018,4,10,Wednesday
54.7,USD,2018-10-24 09:45:00,54.1,better,Low,Flash Services PMI,53.5,better,43,2018-10-24 13:45:00+00:00,-1.11,2018,4,10,Wednesday
553K,USD,2018-10-24 10:00:00,627K,worse,Low,New Home Sales,585K,worse,43,2018-10-24 14:00:00+00:00,11.8,2018,4,10,Wednesday
6.3M,USD,2018-10-24 10:30:00,3.6M,accurate,Medium,Crude Oil Inventories,6.5M,accurate,43,2018-10-24 14:30:00+00:00,-75.0,2018,4,10,Wednesday
0.1%,USD,2018-10-25 08:30:00,0.5%,worse,High,Core Durable Goods Orders m/m,0.0%,accurate,43,2018-10-25 12:30:00+00:00,80.0,2018,4,10,Thursday
0.8%,USD,2018-10-25 08:30:00,-1.3%,better,Medium,Durable Goods Orders m/m,4.4%,accurate,43,2018-10-25 12:30:00+00:00,-161.54,2018,4,10,Thursday
-76.0B,USD,2018-10-25 08:30:00,-74.9B,worse,Low,Goods Trade Balance,-75.5B,accurate,43,2018-10-25 12:30:00+00:00,1.47,2018,4,10,Thursday
0.3%,USD,2018-10-25 08:30:00,0.5%,better,Low,Prelim Wholesale Inventories m/m,1.0%,worse,43,2018-10-25 12:30:00+00:00,40.0,2018,4,10,Thursday
215K,USD,2018-10-25 08:30:00,214K,accurate,Low,Unemployment Claims,210K,accurate,43,2018-10-25 12:30:00+00:00,-0.47,2018,4,10,Thursday
0.5%,USD,2018-10-25 10:00:00,-0.1%,better,Low,Pending Home Sales m/m,-1.9%,accurate,43,2018-10-25 14:00:00+00:00,-600.0,2018,4,10,Thursday
58B,USD,2018-10-25 10:30:00,47B,accurate,Low,Natural Gas Storage,81B,accurate,43,2018-10-25 14:30:00+00:00,-23.4,2018,4,10,Thursday
3.5%,USD,2018-10-26 08:30:00,3.3%,better,High,Advance GDP q/q,4.2%,better,43,2018-10-26 12:30:00+00:00,-6.06,2018,4,10,Friday
1.7%,USD,2018-10-26 08:30:00,2.1%,worse,Medium,Advance GDP Price Index q/q,3.0%,accurate,43,2018-10-26 12:30:00+00:00,19.05,2018,4,10,Friday
98.6,USD,2018-10-26 10:00:00,98.9,accurate,Medium,Revised UoM Consumer Sentiment,99.0,accurate,43,2018-10-26 14:00:00+00:00,0.3,2018,4,10,Friday
-0.1%,USD,2018-10-15 08:30:00,0.4%,worse,High,Core Retail Sales m/m,0.2%,worse,42,2018-10-15 12:30:00+00:00,125.0,2018,4,10,Monday
0.1%,USD,2018-10-15 08:30:00,0.7%,worse,High,Retail Sales m/m,0.1%,accurate,42,2018-10-15 12:30:00+00:00,85.71,2018,4,10,Monday
21.1,USD,2018-10-15 08:30:00,20.4,better,Low,Empire State Manufacturing Index,19.0,accurate,42,2018-10-15 12:30:00+00:00,-3.43,2018,4,10,Monday
0.5%,USD,2018-10-15 10:00:00,0.5%,accurate,Low,Business Inventories m/m,0.7%,worse,42,2018-10-15 14:00:00+00:00,0.0,2018,4,10,Monday
119.1B,USD,2018-10-15 14:00:00,71.0B,better,Low,Federal Budget Balance,-214.1B,accurate,42,2018-10-15 18:00:00+00:00,-67.75,2018,4,10,Monday
78.1%,USD,2018-10-16 09:15:00,78.2%,accurate,Low,Capacity Utilization Rate,78.1%,accurate,42,2018-10-16 13:15:00+00:00,0.13,2018,4,10,Tuesday
0.3%,USD,2018-10-16 09:15:00,0.2%,better,Low,Industrial Production m/m,0.4%,accurate,42,2018-10-16 13:15:00+00:00,-50.0,2018,4,10,Tuesday
7.14M,USD,2018-10-16 10:00:00,6.90M,better,Low,JOLTS Job Openings,7.08M,better,42,2018-10-16 14:00:00+00:00,-3.48,2018,4,10,Tuesday
68,USD,2018-10-16 10:00:00,68,accurate,Low,NAHB Housing Market Index,67,accurate,42,2018-10-16 14:00:00+00:00,0.0,2018,4,10,Tuesday
131.8B,USD,2018-10-16 16:00:00,50.3B,better,Low,TIC Long-Term Purchases,66.7B,worse,42,2018-10-16 20:00:00+00:00,-162.03,2018,4,10,Tuesday
1.24M,USD,2018-10-17 08:30:00,1.27M,worse,Medium,Building Permits,1.25M,accurate,42,2018-10-17 12:30:00+00:00,2.36,2018,4,10,Wednesday
1.20M,USD,2018-10-17 08:30:00,1.22M,accurate,Medium,Housing Starts,1.27M,accurate,42,2018-10-17 12:30:00+00:00,1.64,2018,4,10,Wednesday
6.5M,USD,2018-10-17 10:30:00,1.6M,accurate,Medium,Crude Oil Inventories,6.0M,accurate,42,2018-10-17 14:30:00+00:00,-306.25,2018,4,10,Wednesday
22.2,USD,2018-10-18 08:30:00,19.7,better,Medium,Philly Fed Manufacturing Index,22.9,accurate,42,2018-10-18 12:30:00+00:00,-12.69,2018,4,10,Thursday
210K,USD,2018-10-18 08:30:00,211K,accurate,Low,Unemployment Claims,215K,accurate,42,2018-10-18 12:30:00+00:00,0.47,2018,4,10,Thursday
0.5%,USD,2018-10-18 10:00:00,0.5%,accurate,Low,CB Leading Index m/m,0.4%,accurate,42,2018-10-18 14:00:00+00:00,0.0,2018,4,10,Thursday
81B,USD,2018-10-18 10:30:00,85B,accurate,Low,Natural Gas Storage,90B,accurate,42,2018-10-18 14:30:00+00:00,4.71,2018,4,10,Thursday
5.15M,USD,2018-10-19 10:00:00,5.29M,worse,Low,Existing Home Sales,5.33M,accurate,42,2018-10-19 14:00:00+00:00,2.65,2018,4,10,Friday
107.9,USD,2018-10-09 05:40:00,108.9,worse,Low,NFIB Small Business Index,108.8,accurate,41,2018-10-09 09:40:00+00:00,0.92,2018,4,10,Tuesday
57.8,USD,2018-10-09 10:05:00,54.6,better,Low,IBD/TIPP Economic Optimism,55.7,accurate,41,2018-10-09 14:05:00+00:00,-5.86,2018,4,10,Tuesday
0.2%,USD,2018-10-10 08:30:00,0.2%,accurate,High,PPI m/m,-0.1%,accurate,41,2018-10-10 12:30:00+00:00,0.0,2018,4,10,Wednesday
0.2%,USD,2018-10-10 08:30:00,0.2%,accurate,Medium,Core PPI m/m,-0.1%,accurate,41,2018-10-10 12:30:00+00:00,0.0,2018,4,10,Wednesday
1.0%,USD,2018-10-10 10:00:00,0.8%,worse,Low,Final Wholesale Inventories m/m,0.8%,accurate,41,2018-10-10 14:00:00+00:00,-25.0,2018,4,10,Wednesday
0.1%,USD,2018-10-11 08:30:00,0.2%,worse,High,CPI m/m,0.2%,accurate,41,2018-10-11 12:30:00+00:00,50.0,2018,4,10,Thursday
0.1%,USD,2018-10-11 08:30:00,0.2%,worse,High,Core CPI m/m,0.1%,accurate,41,2018-10-11 12:30:00+00:00,50.0,2018,4,10,Thursday
214K,USD,2018-10-11 08:30:00,207K,worse,Low,Unemployment Claims,207K,accurate,41,2018-10-11 12:30:00+00:00,-3.38,2018,4,10,Thursday
90B,USD,2018-10-11 10:30:00,87B,accurate,Low,Natural Gas Storage,98B,accurate,41,2018-10-11 14:30:00+00:00,-3.45,2018,4,10,Thursday
6.0M,USD,2018-10-11 11:00:00,2.3M,accurate,Medium,Crude Oil Inventories,8.0M,accurate,41,2018-10-11 15:00:00+00:00,-160.87,2018,4,10,Thursday
0.5%,USD,2018-10-12 08:30:00,0.3%,better,Low,Import Prices m/m,-0.4%,better,41,2018-10-12 12:30:00+00:00,-66.67,2018,4,10,Friday
99.0,USD,2018-10-12 10:00:00,100.4,worse,Medium,Prelim UoM Consumer Sentiment,100.1,worse,41,2018-10-12 14:00:00+00:00,1.39,2018,4,10,Friday
55.6,USD,2018-10-01 09:45:00,55.6,accurate,Low,Final Manufacturing PMI,55.6,accurate,40,2018-10-01 13:45:00+00:00,0.0,2018,4,10,Monday
59.8,USD,2018-10-01 10:00:00,60.1,accurate,High,ISM Manufacturing PMI,61.3,accurate,40,2018-10-01 14:00:00+00:00,0.5,2018,4,10,Monday
0.1%,USD,2018-10-01 10:00:00,0.5%,worse,Low,Construction Spending m/m,0.2%,accurate,40,2018-10-01 14:00:00+00:00,80.0,2018,4,10,Monday
66.9,USD,2018-10-01 10:00:00,72.0,worse,Low,ISM Manufacturing Prices,72.1,accurate,40,2018-10-01 14:00:00+00:00,7.08,2018,4,10,Monday
17.4M,USD,2018-10-02 01:00:00,16.8M,better,Low,Total Vehicle Sales,16.7M,accurate,40,2018-10-02 05:00:00+00:00,-3.57,2018,4,10,Tuesday
230K,USD,2018-10-03 08:15:00,185K,better,Medium,ADP Non-Farm Employment Change,168K,accurate,40,2018-10-03 12:15:00+00:00,-24.32,2018,4,10,Wednesday
53.5,USD,2018-10-03 09:45:00,52.9,better,Low,Final Services PMI,52.9,accurate,40,2018-10-03 13:45:00+00:00,-1.13,2018,4,10,Wednesday
61.6,USD,2018-10-03 10:00:00,58.0,better,High,ISM Non-Manufacturing PMI,58.5,accurate,40,2018-10-03 14:00:00+00:00,-6.21,2018,4,10,Wednesday
8.0M,USD,2018-10-03 10:30:00,1.1M,accurate,Medium,Crude Oil Inventories,1.9M,accurate,40,2018-10-03 14:30:00+00:00,-627.27,2018,4,10,Wednesday
207K,USD,2018-10-04 08:30:00,214K,better,Low,Unemployment Claims,215K,accurate,40,2018-10-04 12:30:00+00:00,3.27,2018,4,10,Thursday
2.3%,USD,2018-10-04 10:00:00,2.2%,accurate,Low,Factory Orders m/m,-0.5%,better,40,2018-10-04 14:00:00+00:00,-4.55,2018,4,10,Thursday
98B,USD,2018-10-04 10:30:00,47B,accurate,Low,Natural Gas Storage,46B,accurate,40,2018-10-04 14:30:00+00:00,-108.51,2018,4,10,Thursday
0.3%,USD,2018-10-05 08:30:00,0.3%,accurate,High,Average Hourly Earnings m/m,0.3%,worse,40,2018-10-05 12:30:00+00:00,0.0,2018,4,10,Friday
134K,USD,2018-10-05 08:30:00,185K,worse,High,Non-Farm Employment Change,270K,better,40,2018-10-05 12:30:00+00:00,27.57,2018,4,10,Friday
3.7%,USD,2018-10-05 08:30:00,3.8%,better,High,Unemployment Rate,3.9%,accurate,40,2018-10-05 12:30:00+00:00,2.63,2018,4,10,Friday
-53.2B,USD,2018-10-05 08:30:00,-53.4B,accurate,Low,Trade Balance,-50.0B,accurate,40,2018-10-05 12:30:00+00:00,-0.37,2018,4,10,Friday
20.1B,USD,2018-10-05 15:00:00,14.9B,better,Low,Consumer Credit m/m,16.6B,accurate,40,2018-10-05 19:00:00+00:00,-34.9,2018,4,10,Friday
0.2%,USD,2018-09-25 09:00:00,0.2%,accurate,Low,HPI m/m,0.3%,better,39,2018-09-25 13:00:00+00:00,0.0,2018,3,9,Tuesday
5.9%,USD,2018-09-25 09:00:00,6.2%,worse,Low,S&P/CS Composite-20 HPI y/y,6.4%,accurate,39,2018-09-25 13:00:00+00:00,4.84,2018,3,9,Tuesday
138.4,USD,2018-09-25 10:00:00,132.2,better,High,CB Consumer Confidence,134.7,better,39,2018-09-25 14:00:00+00:00,-4.69,2018,3,9,Tuesday
29,USD,2018-09-25 10:00:00,22,better,Low,Richmond Manufacturing Index,24,accurate,39,2018-09-25 14:00:00+00:00,-31.82,2018,3,9,Tuesday
629K,USD,2018-09-26 10:00:00,630K,accurate,Low,New Home Sales,608K,worse,39,2018-09-26 14:00:00+00:00,0.16,2018,3,9,Wednesday
1.9M,USD,2018-09-26 10:30:00,-0.7M,accurate,High,Crude Oil Inventories,-2.1M,accurate,39,2018-09-26 14:30:00+00:00,-371.43,2018,3,9,Wednesday
<2.25%,USD,2018-09-26 14:00:00,<2.25%,accurate,High,Federal Funds Rate,<2.00%,accurate,39,2018-09-26 18:00:00+00:00,0.0,2018,3,9,Wednesday
0.1%,USD,2018-09-27 08:30:00,0.4%,worse,High,Core Durable Goods Orders m/m,0.1%,accurate,39,2018-09-27 12:30:00+00:00,75.0,2018,3,9,Thursday
4.2%,USD,2018-09-27 08:30:00,4.2%,accurate,High,Final GDP q/q,4.2%,accurate,39,2018-09-27 12:30:00+00:00,0.0,2018,3,9,Thursday
4.5%,USD,2018-09-27 08:30:00,1.9%,better,Medium,Durable Goods Orders m/m,-1.2%,better,39,2018-09-27 12:30:00+00:00,-136.84,2018,3,9,Thursday
3.0%,USD,2018-09-27 08:30:00,3.0%,accurate,Low,Final GDP Price Index q/q,3.0%,accurate,39,2018-09-27 12:30:00+00:00,0.0,2018,3,9,Thursday
-75.8B,USD,2018-09-27 08:30:00,-70.6B,worse,Low,Goods Trade Balance,-72.0B,accurate,39,2018-09-27 12:30:00+00:00,7.37,2018,3,9,Thursday
0.8%,USD,2018-09-27 08:30:00,0.3%,worse,Low,Prelim Wholesale Inventories m/m,0.6%,better,39,2018-09-27 12:30:00+00:00,-166.67,2018,3,9,Thursday
214K,USD,2018-09-27 08:30:00,208K,worse,Low,Unemployment Claims,202K,accurate,39,2018-09-27 12:30:00+00:00,-2.88,2018,3,9,Thursday
-1.8%,USD,2018-09-27 10:00:00,-0.2%,worse,Low,Pending Home Sales m/m,-0.8%,accurate,39,2018-09-27 14:00:00+00:00,800.0,2018,3,9,Thursday
46B,USD,2018-09-27 10:30:00,64B,accurate,Low,Natural Gas Storage,86B,accurate,39,2018-09-27 14:30:00+00:00,28.12,2018,3,9,Thursday
0.0%,USD,2018-09-28 08:30:00,0.1%,worse,Medium,Core PCE Price Index m/m,0.2%,accurate,39,2018-09-28 12:30:00+00:00,100.0,2018,3,9,Friday
0.3%,USD,2018-09-28 08:30:00,0.3%,accurate,Medium,Personal Spending m/m,0.4%,accurate,39,2018-09-28 12:30:00+00:00,0.0,2018,3,9,Friday
0.3%,USD,2018-09-28 08:30:00,0.4%,worse,Low,Personal Income m/m,0.3%,accurate,39,2018-09-28 12:30:00+00:00,25.0,2018,3,9,Friday
60.4,USD,2018-09-28 09:45:00,62.3,worse,Medium,Chicago PMI,63.6,accurate,39,2018-09-28 13:45:00+00:00,3.05,2018,3,9,Friday
100.1,USD,2018-09-28 10:00:00,100.5,accurate,Medium,Revised UoM Consumer Sentiment,100.8,accurate,39,2018-09-28 14:00:00+00:00,0.4,2018,3,9,Friday
19.0,USD,2018-09-17 08:30:00,23.2,worse,Medium,Empire State Manufacturing Index,25.6,accurate,38,2018-09-17 12:30:00+00:00,18.1,2018,3,9,Monday
67,USD,2018-09-18 10:00:00,66,better,Low,NAHB Housing Market Index,67,accurate,38,2018-09-18 14:00:00+00:00,-1.52,2018,3,9,Tuesday
74.8B,USD,2018-09-18 16:00:00,65.1B,better,Low,TIC Long-Term Purchases,-36.5B,accurate,38,2018-09-18 20:00:00+00:00,-14.9,2018,3,9,Tuesday
1.23M,USD,2018-09-19 08:30:00,1.31M,worse,Medium,Building Permits,1.30M,accurate,38,2018-09-19 12:30:00+00:00,6.11,2018,3,9,Wednesday
1.28M,USD,2018-09-19 08:30:00,1.24M,better,Medium,Housing Starts,1.17M,accurate,38,2018-09-19 12:30:00+00:00,-3.23,2018,3,9,Wednesday
-101B,USD,2018-09-19 08:30:00,-104B,better,Low,Current Account,-122B,accurate,38,2018-09-19 12:30:00+00:00,-2.88,2018,3,9,Wednesday
-2.1M,USD,2018-09-19 10:30:00,-2.7M,accurate,High,Crude Oil Inventories,-5.3M,accurate,38,2018-09-19 14:30:00+00:00,-22.22,2018,3,9,Wednesday
22.9,USD,2018-09-20 08:30:00,17.5,better,Medium,Philly Fed Manufacturing Index,11.9,accurate,38,2018-09-20 12:30:00+00:00,-30.86,2018,3,9,Thursday
201K,USD,2018-09-20 08:30:00,210K,better,Low,Unemployment Claims,204K,accurate,38,2018-09-20 12:30:00+00:00,4.29,2018,3,9,Thursday
0.4%,USD,2018-09-20 10:00:00,0.5%,worse,Low,CB Leading Index m/m,0.7%,better,38,2018-09-20 14:00:00+00:00,20.0,2018,3,9,Thursday
5.34M,USD,2018-09-20 10:00:00,5.36M,accurate,Low,Existing Home Sales,5.34M,accurate,38,2018-09-20 14:00:00+00:00,0.37,2018,3,9,Thursday
86B,USD,2018-09-20 10:30:00,81B,accurate,Low,Natural Gas Storage,69B,accurate,38,2018-09-20 14:30:00+00:00,-6.17,2018,3,9,Thursday
55.6,USD,2018-09-21 09:45:00,55.1,better,Low,Flash Manufacturing PMI,54.7,accurate,38,2018-09-21 13:45:00+00:00,-0.91,2018,3,9,Friday
52.9,USD,2018-09-21 09:45:00,54.9,worse,Low,Flash Services PMI,54.8,worse,38,2018-09-21 13:45:00+00:00,3.64,2018,3,9,Friday
16.6B,USD,2018-09-10 15:00:00,14.5B,better,Low,Consumer Credit m/m,8.5B,worse,37,2018-09-10 19:00:00+00:00,-14.48,2018,3,9,Monday
108.8,USD,2018-09-11 05:51:00,108.1,accurate,Low,NFIB Small Business Index,107.9,accurate,37,2018-09-11 09:50:00+00:00,-0.65,2018,3,9,Tuesday
0.6%,USD,2018-09-11 10:00:00,0.7%,better,Low,Final Wholesale Inventories m/m,0.7%,accurate,37,2018-09-11 14:00:00+00:00,14.29,2018,3,9,Tuesday
6.94M,USD,2018-09-11 10:00:00,6.68M,better,Low,JOLTS Job Openings,6.82M,better,37,2018-09-11 14:00:00+00:00,-3.89,2018,3,9,Tuesday
-0.1%,USD,2018-09-12 08:30:00,0.2%,worse,High,PPI m/m,0.0%,accurate,37,2018-09-12 12:30:00+00:00,150.0,2018,3,9,Wednesday
-0.1%,USD,2018-09-12 08:30:00,0.2%,worse,Medium,Core PPI m/m,0.1%,accurate,37,2018-09-12 12:30:00+00:00,150.0,2018,3,9,Wednesday
-5.3M,USD,2018-09-12 10:30:00,-1.3M,accurate,High,Crude Oil Inventories,-4.3M,accurate,37,2018-09-12 14:30:00+00:00,307.69,2018,3,9,Wednesday
0.2%,USD,2018-09-13 08:30:00,0.3%,worse,High,CPI m/m,0.2%,accurate,37,2018-09-13 12:30:00+00:00,33.33,2018,3,9,Thursday
0.1%,USD,2018-09-13 08:30:00,0.2%,worse,High,Core CPI m/m,0.2%,accurate,37,2018-09-13 12:30:00+00:00,50.0,2018,3,9,Thursday
204K,USD,2018-09-13 08:30:00,210K,better,Low,Unemployment Claims,205K,accurate,37,2018-09-13 12:30:00+00:00,2.86,2018,3,9,Thursday
69B,USD,2018-09-13 10:30:00,65B,accurate,Low,Natural Gas Storage,63B,accurate,37,2018-09-13 14:30:00+00:00,-6.15,2018,3,9,Thursday
-214.1B,USD,2018-09-13 14:00:00,-169.8B,worse,Low,Federal Budget Balance,-76.9B,accurate,37,2018-09-13 18:00:00+00:00,26.09,2018,3,9,Thursday
0.3%,USD,2018-09-14 08:30:00,0.5%,worse,High,Core Retail Sales m/m,0.9%,better,37,2018-09-14 12:30:00+00:00,40.0,2018,3,9,Friday
0.1%,USD,2018-09-14 08:30:00,0.4%,worse,High,Retail Sales m/m,0.7%,better,37,2018-09-14 12:30:00+00:00,75.0,2018,3,9,Friday
-0.6%,USD,2018-09-14 08:30:00,-0.2%,worse,Low,Import Prices m/m,-0.1%,accurate,37,2018-09-14 12:30:00+00:00,200.0,2018,3,9,Friday
78.1%,USD,2018-09-14 09:15:00,78.3%,worse,Low,Capacity Utilization Rate,77.9%,worse,37,2018-09-14 13:15:00+00:00,0.26,2018,3,9,Friday
0.4%,USD,2018-09-14 09:15:00,0.3%,better,Low,Industrial Production m/m,0.4%,better,37,2018-09-14 13:15:00+00:00,-33.33,2018,3,9,Friday
100.8,USD,2018-09-14 10:00:00,96.7,better,Medium,Prelim UoM Consumer Sentiment,96.2,better,37,2018-09-14 14:00:00+00:00,-4.24,2018,3,9,Friday
0.6%,USD,2018-09-14 10:00:00,0.5%,worse,Low,Business Inventories m/m,0.1%,accurate,37,2018-09-14 14:00:00+00:00,-20.0,2018,3,9,Friday
54.7,USD,2018-09-04 09:45:00,54.5,accurate,Low,Final Manufacturing PMI,54.5,accurate,36,2018-09-04 13:45:00+00:00,-0.37,2018,3,9,Tuesday
61.3,USD,2018-09-04 10:00:00,57.6,better,High,ISM Manufacturing PMI,58.1,accurate,36,2018-09-04 14:00:00+00:00,-6.42,2018,3,9,Tuesday
0.1%,USD,2018-09-04 10:00:00,0.5%,worse,Low,Construction Spending m/m,-0.8%,better,36,2018-09-04 14:00:00+00:00,80.0,2018,3,9,Tuesday
72.1,USD,2018-09-04 10:00:00,74.0,worse,Low,ISM Manufacturing Prices,73.2,accurate,36,2018-09-04 14:00:00+00:00,2.57,2018,3,9,Tuesday
55.7,USD,2018-09-04 10:02:00,57.2,worse,Low,IBD/TIPP Economic Optimism,58.0,accurate,36,2018-09-04 14:00:00+00:00,2.62,2018,3,9,Tuesday
16.7M,USD,2018-09-04 01:00:00,16.7M,accurate,Low,Total Vehicle Sales,16.8M,accurate,36,2018-09-04 05:00:00+00:00,0.0,2018,3,9,Tuesday
-50.1B,USD,2018-09-05 08:30:00,-50.2B,accurate,Low,Trade Balance,-45.7B,accurate,36,2018-09-05 12:30:00+00:00,-0.2,2018,3,9,Wednesday
163K,USD,2018-09-06 08:15:00,195K,worse,High,ADP Non-Farm Employment Change,217K,accurate,36,2018-09-06 12:15:00+00:00,16.41,2018,3,9,Thursday
2.9%,USD,2018-09-06 08:30:00,2.9%,accurate,Low,Revised Nonfarm Productivity q/q,2.9%,accurate,36,2018-09-06 12:30:00+00:00,0.0,2018,3,9,Thursday
-1.0%,USD,2018-09-06 08:30:00,-0.9%,accurate,Low,Revised Unit Labor Costs q/q,-0.9%,accurate,36,2018-09-06 12:30:00+00:00,11.11,2018,3,9,Thursday
203K,USD,2018-09-06 08:30:00,214K,better,Low,Unemployment Claims,213K,accurate,36,2018-09-06 12:30:00+00:00,5.14,2018,3,9,Thursday
54.8,USD,2018-09-06 09:45:00,55.2,worse,Low,Final Services PMI,55.2,accurate,36,2018-09-06 13:45:00+00:00,0.72,2018,3,9,Thursday
58.5,USD,2018-09-06 10:00:00,56.8,better,High,ISM Non-Manufacturing PMI,55.7,accurate,36,2018-09-06 14:00:00+00:00,-2.99,2018,3,9,Thursday
-0.8%,USD,2018-09-06 10:00:00,-0.5%,worse,Low,Factory Orders m/m,0.6%,accurate,36,2018-09-06 14:00:00+00:00,60.0,2018,3,9,Thursday
63B,USD,2018-09-06 10:30:00,60B,accurate,Low,Natural Gas Storage,70B,accurate,36,2018-09-06 14:30:00+00:00,-5.0,2018,3,9,Thursday
-4.3M,USD,2018-09-06 11:00:00,-2.2M,accurate,High,Crude Oil Inventories,-2.6M,accurate,36,2018-09-06 15:00:00+00:00,95.45,2018,3,9,Thursday
0.4%,USD,2018-09-07 08:30:00,0.2%,better,High,Average Hourly Earnings m/m,0.3%,accurate,36,2018-09-07 12:30:00+00:00,-100.0,2018,3,9,Friday
201K,USD,2018-09-07 08:30:00,191K,better,High,Non-Farm Employment Change,147K,worse,36,2018-09-07 12:30:00+00:00,-5.24,2018,3,9,Friday
3.9%,USD,2018-09-07 08:30:00,3.8%,worse,High,Unemployment Rate,3.9%,accurate,36,2018-09-07 12:30:00+00:00,-2.63,2018,3,9,Friday
-72.2B,USD,2018-08-28 08:30:00,-68.6B,worse,Low,Goods Trade Balance,-67.9B,accurate,35,2018-08-28 12:30:00+00:00,5.25,2018,3,8,Tuesday
0.7%,USD,2018-08-28 08:30:00,0.1%,worse,Low,Prelim Wholesale Inventories m/m,0.1%,worse,35,2018-08-28 12:30:00+00:00,-600.0,2018,3,8,Tuesday
6.3%,USD,2018-08-28 09:00:00,6.4%,accurate,Low,S&P/CS Composite-20 HPI y/y,6.5%,accurate,35,2018-08-28 13:00:00+00:00,1.56,2018,3,8,Tuesday
133.4,USD,2018-08-28 10:00:00,126.6,better,Medium,CB Consumer Confidence,127.9,better,35,2018-08-28 14:00:00+00:00,-5.37,2018,3,8,Tuesday
24,USD,2018-08-28 10:00:00,18,better,Low,Richmond Manufacturing Index,20,accurate,35,2018-08-28 14:00:00+00:00,-33.33,2018,3,8,Tuesday
4.2%,USD,2018-08-29 08:30:00,4.0%,better,High,Prelim GDP q/q,4.1%,accurate,35,2018-08-29 12:30:00+00:00,-5.0,2018,3,8,Wednesday
3.0%,USD,2018-08-29 08:30:00,3.0%,accurate,Low,Prelim GDP Price Index q/q,3.0%,accurate,35,2018-08-29 12:30:00+00:00,0.0,2018,3,8,Wednesday
-0.7%,USD,2018-08-29 10:00:00,0.3%,worse,Low,Pending Home Sales m/m,1.0%,accurate,35,2018-08-29 14:00:00+00:00,333.33,2018,3,8,Wednesday
-2.6M,USD,2018-08-29 10:30:00,-0.7M,accurate,High,Crude Oil Inventories,-5.8M,accurate,35,2018-08-29 14:30:00+00:00,271.43,2018,3,8,Wednesday
0.2%,USD,2018-08-30 08:30:00,0.2%,accurate,Medium,Core PCE Price Index m/m,0.1%,accurate,35,2018-08-30 12:30:00+00:00,0.0,2018,3,8,Thursday
0.4%,USD,2018-08-30 08:30:00,0.4%,accurate,Medium,Personal Spending m/m,0.4%,accurate,35,2018-08-30 12:30:00+00:00,0.0,2018,3,8,Thursday
0.3%,USD,2018-08-30 08:30:00,0.3%,accurate,Low,Personal Income m/m,0.4%,accurate,35,2018-08-30 12:30:00+00:00,0.0,2018,3,8,Thursday
213K,USD,2018-08-30 08:30:00,214K,accurate,Low,Unemployment Claims,210K,accurate,35,2018-08-30 12:30:00+00:00,0.47,2018,3,8,Thursday
70B,USD,2018-08-30 10:30:00,58B,accurate,Low,Natural Gas Storage,48B,accurate,35,2018-08-30 14:30:00+00:00,-20.69,2018,3,8,Thursday
63.6,USD,2018-08-31 09:45:00,63.0,better,Medium,Chicago PMI,65.5,accurate,35,2018-08-31 13:45:00+00:00,-0.95,2018,3,8,Friday
96.2,USD,2018-08-31 10:00:00,95.5,better,Low,Revised UoM Consumer Sentiment,95.3,accurate,35,2018-08-31 14:00:00+00:00,-0.73,2018,3,8,Friday
5.34M,USD,2018-08-22 10:00:00,5.40M,worse,Medium,Existing Home Sales,5.38M,accurate,34,2018-08-22 14:00:00+00:00,1.11,2018,3,8,Wednesday
-5.8M,USD,2018-08-22 10:30:00,-1.6M,accurate,High,Crude Oil Inventories,6.8M,accurate,34,2018-08-22 14:30:00+00:00,262.5,2018,3,8,Wednesday
210K,USD,2018-08-23 08:30:00,215K,better,Low,Unemployment Claims,212K,accurate,34,2018-08-23 12:30:00+00:00,2.33,2018,3,8,Thursday
0.2%,USD,2018-08-23 09:00:00,0.3%,worse,Low,HPI m/m,0.4%,better,34,2018-08-23 13:00:00+00:00,33.33,2018,3,8,Thursday
54.5,USD,2018-08-23 09:45:00,55.1,worse,Low,Flash Manufacturing PMI,55.3,accurate,34,2018-08-23 13:45:00+00:00,1.09,2018,3,8,Thursday
55.2,USD,2018-08-23 09:45:00,55.9,worse,Low,Flash Services PMI,56.0,accurate,34,2018-08-23 13:45:00+00:00,1.25,2018,3,8,Thursday
627K,USD,2018-08-23 10:00:00,643K,worse,Low,New Home Sales,638K,better,34,2018-08-23 14:00:00+00:00,2.49,2018,3,8,Thursday
48B,USD,2018-08-23 10:30:00,47B,accurate,Low,Natural Gas Storage,33B,accurate,34,2018-08-23 14:30:00+00:00,-2.13,2018,3,8,Thursday
0.2%,USD,2018-08-24 08:30:00,0.5%,worse,High,Core Durable Goods Orders m/m,0.2%,worse,34,2018-08-24 12:30:00+00:00,60.0,2018,3,8,Friday
-1.7%,USD,2018-08-24 08:30:00,-0.7%,worse,Medium,Durable Goods Orders m/m,0.8%,worse,34,2018-08-24 12:30:00+00:00,142.86,2018,3,8,Friday
107.9,USD,2018-08-14 06:00:00,106.9,better,Low,NFIB Small Business Index,107.2,accurate,33,2018-08-14 10:00:00+00:00,-0.94,2018,3,8,Tuesday
0.0%,USD,2018-08-14 08:30:00,0.1%,accurate,Low,Import Prices m/m,-0.1%,better,33,2018-08-14 12:30:00+00:00,100.0,2018,3,8,Tuesday
0.6%,USD,2018-08-15 08:30:00,0.3%,better,High,Core Retail Sales m/m,0.2%,worse,33,2018-08-15 12:30:00+00:00,-100.0,2018,3,8,Wednesday
0.5%,USD,2018-08-15 08:30:00,0.1%,better,High,Retail Sales m/m,0.2%,worse,33,2018-08-15 12:30:00+00:00,-400.0,2018,3,8,Wednesday
25.6,USD,2018-08-15 08:30:00,20.1,better,Medium,Empire State Manufacturing Index,22.6,accurate,33,2018-08-15 12:30:00+00:00,-27.36,2018,3,8,Wednesday
2.9%,USD,2018-08-15 08:30:00,2.4%,worse,Low,Prelim Nonfarm Productivity q/q,0.4%,better,33,2018-08-15 12:30:00+00:00,-20.83,2018,3,8,Wednesday
-0.9%,USD,2018-08-15 08:30:00,-0.1%,worse,Low,Prelim Unit Labor Costs q/q,2.9%,better,33,2018-08-15 12:30:00+00:00,800.0,2018,3,8,Wednesday
78.1%,USD,2018-08-15 09:15:00,78.2%,accurate,Low,Capacity Utilization Rate,78.1%,accurate,33,2018-08-15 13:15:00+00:00,0.13,2018,3,8,Wednesday
0.1%,USD,2018-08-15 09:15:00,0.3%,worse,Low,Industrial Production m/m,1.0%,better,33,2018-08-15 13:15:00+00:00,66.67,2018,3,8,Wednesday
0.1%,USD,2018-08-15 10:00:00,0.2%,better,Low,Business Inventories m/m,0.3%,better,33,2018-08-15 14:00:00+00:00,50.0,2018,3,8,Wednesday
67,USD,2018-08-15 10:00:00,67,accurate,Low,NAHB Housing Market Index,68,accurate,33,2018-08-15 14:00:00+00:00,0.0,2018,3,8,Wednesday
6.8M,USD,2018-08-15 10:30:00,-2.6M,accurate,High,Crude Oil Inventories,-1.4M,accurate,33,2018-08-15 14:30:00+00:00,-361.54,2018,3,8,Wednesday
-36.5B,USD,2018-08-15 16:00:00,32.3B,worse,Low,TIC Long-Term Purchases,45.5B,accurate,33,2018-08-15 20:00:00+00:00,213.0,2018,3,8,Wednesday
1.31M,USD,2018-08-16 08:30:00,1.31M,accurate,Medium,Building Permits,1.29M,accurate,33,2018-08-16 12:30:00+00:00,0.0,2018,3,8,Thursday
1.17M,USD,2018-08-16 08:30:00,1.27M,worse,Medium,Housing Starts,1.16M,accurate,33,2018-08-16 12:30:00+00:00,7.87,2018,3,8,Thursday
11.9,USD,2018-08-16 08:30:00,21.9,worse,Medium,Philly Fed Manufacturing Index,25.7,accurate,33,2018-08-16 12:30:00+00:00,45.66,2018,3,8,Thursday
212K,USD,2018-08-16 08:30:00,215K,accurate,Low,Unemployment Claims,214K,accurate,33,2018-08-16 12:30:00+00:00,1.4,2018,3,8,Thursday
33B,USD,2018-08-16 10:30:00,30B,accurate,Low,Natural Gas Storage,46B,accurate,33,2018-08-16 14:30:00+00:00,-10.0,2018,3,8,Thursday
95.3,USD,2018-08-17 10:00:00,98.1,worse,Medium,Prelim UoM Consumer Sentiment,97.9,better,33,2018-08-17 14:00:00+00:00,2.85,2018,3,8,Friday
0.6%,USD,2018-08-17 10:00:00,0.4%,better,Low,CB Leading Index m/m,0.5%,accurate,33,2018-08-17 14:00:00+00:00,-50.0,2018,3,8,Friday
6.66M,USD,2018-08-07 10:00:00,6.74M,worse,Low,JOLTS Job Openings,6.66M,accurate,32,2018-08-07 14:00:00+00:00,1.19,2018,3,8,Tuesday
58.0,USD,2018-08-07 10:01:00,57.2,better,Low,IBD/TIPP Economic Optimism,56.4,accurate,32,2018-08-07 14:00:00+00:00,-1.4,2018,3,8,Tuesday
10.2B,USD,2018-08-07 15:00:00,16.2B,worse,Low,Consumer Credit m/m,24.3B,worse,32,2018-08-07 19:00:00+00:00,37.04,2018,3,8,Tuesday
-1.4M,USD,2018-08-08 10:30:00,-2.8M,accurate,High,Crude Oil Inventories,3.8M,accurate,32,2018-08-08 14:30:00+00:00,-50.0,2018,3,8,Wednesday
0.0%,USD,2018-08-09 08:30:00,0.2%,worse,High,PPI m/m,0.3%,accurate,32,2018-08-09 12:30:00+00:00,100.0,2018,3,8,Thursday
0.1%,USD,2018-08-09 08:30:00,0.2%,worse,Medium,Core PPI m/m,0.3%,accurate,32,2018-08-09 12:30:00+00:00,50.0,2018,3,8,Thursday
213K,USD,2018-08-09 08:30:00,220K,better,Medium,Unemployment Claims,219K,accurate,32,2018-08-09 12:30:00+00:00,3.18,2018,3,8,Thursday
0.1%,USD,2018-08-09 10:00:00,0.0%,worse,Low,Final Wholesale Inventories m/m,0.0%,accurate,32,2018-08-09 14:00:00+00:00,100.0,2018,3,8,Thursday
46B,USD,2018-08-09 10:30:00,49B,accurate,Low,Natural Gas Storage,35B,accurate,32,2018-08-09 14:30:00+00:00,6.12,2018,3,8,Thursday
0.2%,USD,2018-08-10 08:30:00,0.2%,accurate,High,CPI m/m,0.1%,accurate,32,2018-08-10 12:30:00+00:00,0.0,2018,3,8,Friday
0.2%,USD,2018-08-10 08:30:00,0.2%,accurate,High,Core CPI m/m,0.2%,accurate,32,2018-08-10 12:30:00+00:00,0.0,2018,3,8,Friday
-76.9B,USD,2018-08-10 14:00:00,-76.5B,accurate,Low,Federal Budget Balance,-74.9B,accurate,32,2018-08-10 18:00:00+00:00,0.52,2018,3,8,Friday
0.9%,USD,2018-07-30 10:00:00,0.4%,better,Low,Pending Home Sales m/m,-0.5%,accurate,31,2018-07-30 14:00:00+00:00,-125.0,2018,3,7,Monday
0.1%,USD,2018-07-31 08:30:00,0.1%,accurate,Medium,Core PCE Price Index m/m,0.2%,accurate,31,2018-07-31 12:30:00+00:00,0.0,2018,3,7,Tuesday
0.6%,USD,2018-07-31 08:30:00,0.7%,worse,Medium,Employment Cost Index q/q,0.8%,accurate,31,2018-07-31 12:30:00+00:00,14.29,2018,3,7,Tuesday
0.4%,USD,2018-07-31 08:30:00,0.4%,accurate,Medium,Personal Spending m/m,0.5%,better,31,2018-07-31 12:30:00+00:00,0.0,2018,3,7,Tuesday
0.4%,USD,2018-07-31 08:30:00,0.4%,accurate,Low,Personal Income m/m,0.4%,accurate,31,2018-07-31 12:30:00+00:00,0.0,2018,3,7,Tuesday
6.5%,USD,2018-07-31 09:00:00,6.4%,accurate,Low,S&P/CS Composite-20 HPI y/y,6.7%,accurate,31,2018-07-31 13:00:00+00:00,-1.56,2018,3,7,Tuesday
65.5,USD,2018-07-31 09:45:00,61.9,better,Medium,Chicago PMI,64.1,accurate,31,2018-07-31 13:45:00+00:00,-5.82,2018,3,7,Tuesday
127.4,USD,2018-07-31 10:00:00,126.5,better,High,CB Consumer Confidence,127.1,better,31,2018-07-31 14:00:00+00:00,-0.71,2018,3,7,Tuesday
219K,USD,2018-08-01 08:15:00,186K,better,High,ADP Non-Farm Employment Change,181K,accurate,31,2018-08-01 12:15:00+00:00,-17.74,2018,3,8,Wednesday
55.3,USD,2018-08-01 09:45:00,55.5,accurate,Low,Final Manufacturing PMI,55.5,accurate,31,2018-08-01 13:45:00+00:00,0.36,2018,3,8,Wednesday
58.1,USD,2018-08-01 10:00:00,59.4,worse,High,ISM Manufacturing PMI,60.2,accurate,31,2018-08-01 14:00:00+00:00,2.19,2018,3,8,Wednesday
-1.1%,USD,2018-08-01 10:00:00,0.3%,worse,Low,Construction Spending m/m,1.3%,better,31,2018-08-01 14:00:00+00:00,466.67,2018,3,8,Wednesday
73.2,USD,2018-08-01 10:00:00,75.5,worse,Low,ISM Manufacturing Prices,76.8,accurate,31,2018-08-01 14:00:00+00:00,3.05,2018,3,8,Wednesday
3.8M,USD,2018-08-01 10:30:00,-2.6M,accurate,High,Crude Oil Inventories,-6.1M,accurate,31,2018-08-01 14:30:00+00:00,-246.15,2018,3,8,Wednesday
16.8M,USD,2018-08-01 01:00:00,17.1M,worse,Low,Total Vehicle Sales,17.5M,accurate,31,2018-08-01 05:00:00+00:00,1.75,2018,3,8,Wednesday
<2.00%,USD,2018-08-01 14:00:00,<2.00%,accurate,High,Federal Funds Rate,<2.00%,accurate,31,2018-08-01 18:00:00+00:00,0.0,2018,3,8,Wednesday
218K,USD,2018-08-02 08:30:00,220K,accurate,Medium,Unemployment Claims,217K,accurate,31,2018-08-02 12:30:00+00:00,0.91,2018,3,8,Thursday
0.7%,USD,2018-08-02 10:00:00,0.7%,accurate,Low,Factory Orders m/m,0.4%,accurate,31,2018-08-02 14:00:00+00:00,0.0,2018,3,8,Thursday
35B,USD,2018-08-02 10:30:00,39B,accurate,Low,Natural Gas Storage,24B,accurate,31,2018-08-02 14:30:00+00:00,10.26,2018,3,8,Thursday
0.3%,USD,2018-08-03 08:30:00,0.3%,accurate,High,Average Hourly Earnings m/m,0.1%,worse,31,2018-08-03 12:30:00+00:00,0.0,2018,3,8,Friday
157K,USD,2018-08-03 08:30:00,191K,worse,High,Non-Farm Employment Change,248K,better,31,2018-08-03 12:30:00+00:00,17.8,2018,3,8,Friday
3.9%,USD,2018-08-03 08:30:00,3.9%,accurate,High,Unemployment Rate,4.0%,accurate,31,2018-08-03 12:30:00+00:00,0.0,2018,3,8,Friday
-46.3B,USD,2018-08-03 08:30:00,-46.5B,accurate,Low,Trade Balance,-43.2B,accurate,31,2018-08-03 12:30:00+00:00,-0.43,2018,3,8,Friday
56.0,USD,2018-08-03 09:45:00,56.2,accurate,Low,Final Services PMI,56.2,accurate,31,2018-08-03 13:45:00+00:00,0.36,2018,3,8,Friday
55.7,USD,2018-08-03 10:00:00,58.6,worse,High,ISM Non-Manufacturing PMI,59.1,accurate,31,2018-08-03 14:00:00+00:00,4.95,2018,3,8,Friday
5.38M,USD,2018-07-23 10:00:00,5.46M,worse,Medium,Existing Home Sales,5.41M,accurate,30,2018-07-23 14:00:00+00:00,1.47,2018,3,7,Monday
0.2%,USD,2018-07-24 09:00:00,0.4%,worse,Low,HPI m/m,0.2%,better,30,2018-07-24 13:00:00+00:00,50.0,2018,3,7,Tuesday
55.5,USD,2018-07-24 09:45:00,55.1,better,Low,Flash Manufacturing PMI,55.4,better,30,2018-07-24 13:45:00+00:00,-0.73,2018,3,7,Tuesday
56.2,USD,2018-07-24 09:45:00,56.5,accurate,Low,Flash Services PMI,56.5,accurate,30,2018-07-24 13:45:00+00:00,0.53,2018,3,7,Tuesday
20,USD,2018-07-24 09:59:00,18,better,Low,Richmond Manufacturing Index,20,accurate,30,2018-07-24 14:00:00+00:00,-11.11,2018,3,7,Tuesday
631K,USD,2018-07-25 10:00:00,669K,worse,Low,New Home Sales,666K,worse,30,2018-07-25 14:00:00+00:00,5.68,2018,3,7,Wednesday
-6.1M,USD,2018-07-25 10:30:00,-2.6M,accurate,High,Crude Oil Inventories,5.8M,accurate,30,2018-07-25 14:30:00+00:00,134.62,2018,3,7,Wednesday
0.4%,USD,2018-07-26 08:30:00,0.5%,accurate,High,Core Durable Goods Orders m/m,0.0%,better,30,2018-07-26 12:30:00+00:00,20.0,2018,3,7,Thursday
1.0%,USD,2018-07-26 08:30:00,3.0%,worse,Medium,Durable Goods Orders m/m,-0.4%,better,30,2018-07-26 12:30:00+00:00,66.67,2018,3,7,Thursday
217K,USD,2018-07-26 08:30:00,215K,accurate,Medium,Unemployment Claims,208K,accurate,30,2018-07-26 12:30:00+00:00,-0.93,2018,3,7,Thursday
-68.3B,USD,2018-07-26 08:30:00,-67.0B,worse,Low,Goods Trade Balance,-64.8B,accurate,30,2018-07-26 12:30:00+00:00,1.94,2018,3,7,Thursday
0.0%,USD,2018-07-26 08:30:00,0.5%,better,Low,Prelim Wholesale Inventories m/m,0.6%,worse,30,2018-07-26 12:30:00+00:00,100.0,2018,3,7,Thursday
24B,USD,2018-07-26 10:30:00,39B,accurate,Low,Natural Gas Storage,46B,accurate,30,2018-07-26 14:30:00+00:00,38.46,2018,3,7,Thursday
4.1%,USD,2018-07-27 08:30:00,4.2%,worse,High,Advance GDP q/q,2.0%,worse,30,2018-07-27 12:30:00+00:00,2.38,2018,3,7,Friday
3.0%,USD,2018-07-27 08:30:00,2.3%,better,Medium,Advance GDP Price Index q/q,2.2%,better,30,2018-07-27 12:30:00+00:00,-30.43,2018,3,7,Friday
97.9,USD,2018-07-27 10:00:00,97.1,better,Medium,Revised UoM Consumer Sentiment,97.1,accurate,30,2018-07-27 14:00:00+00:00,-0.82,2018,3,7,Friday
0.4%,USD,2018-07-16 08:30:00,0.4%,accurate,High,Core Retail Sales m/m,1.4%,better,29,2018-07-16 12:30:00+00:00,0.0,2018,3,7,Monday
0.5%,USD,2018-07-16 08:30:00,0.4%,better,High,Retail Sales m/m,1.3%,better,29,2018-07-16 12:30:00+00:00,-25.0,2018,3,7,Monday
22.6,USD,2018-07-16 08:30:00,20.3,better,Medium,Empire State Manufacturing Index,25.0,accurate,29,2018-07-16 12:30:00+00:00,-11.33,2018,3,7,Monday
0.4%,USD,2018-07-16 10:00:00,0.4%,accurate,Low,Business Inventories m/m,0.3%,accurate,29,2018-07-16 14:00:00+00:00,0.0,2018,3,7,Monday
78.0%,USD,2018-07-17 09:15:00,78.4%,worse,Medium,Capacity Utilization Rate,77.7%,worse,29,2018-07-17 13:15:00+00:00,0.51,2018,3,7,Tuesday
0.6%,USD,2018-07-17 09:15:00,0.5%,better,Medium,Industrial Production m/m,-0.5%,worse,29,2018-07-17 13:15:00+00:00,-20.0,2018,3,7,Tuesday
68,USD,2018-07-17 10:00:00,69,worse,Low,NAHB Housing Market Index,68,accurate,29,2018-07-17 14:00:00+00:00,1.45,2018,3,7,Tuesday
45.6B,USD,2018-07-17 16:00:00,34.3B,better,Low,TIC Long-Term Purchases,94.0B,accurate,29,2018-07-17 20:00:00+00:00,-32.94,2018,3,7,Tuesday
1.27M,USD,2018-07-18 08:30:00,1.33M,worse,High,Building Permits,1.30M,accurate,29,2018-07-18 12:30:00+00:00,4.51,2018,3,7,Wednesday
1.17M,USD,2018-07-18 08:30:00,1.32M,worse,Medium,Housing Starts,1.34M,accurate,29,2018-07-18 12:30:00+00:00,11.36,2018,3,7,Wednesday
5.8M,USD,2018-07-18 10:30:00,-3.4M,accurate,High,Crude Oil Inventories,-12.6M,accurate,29,2018-07-18 14:30:00+00:00,-270.59,2018,3,7,Wednesday
25.7,USD,2018-07-19 08:30:00,21.6,better,Medium,Philly Fed Manufacturing Index,19.9,accurate,29,2018-07-19 12:30:00+00:00,-18.98,2018,3,7,Thursday
207K,USD,2018-07-19 08:30:00,220K,better,Medium,Unemployment Claims,215K,accurate,29,2018-07-19 12:30:00+00:00,5.91,2018,3,7,Thursday
0.5%,USD,2018-07-19 10:00:00,0.4%,better,Low,CB Leading Index m/m,0.0%,worse,29,2018-07-19 14:00:00+00:00,-25.0,2018,3,7,Thursday
46B,USD,2018-07-19 10:30:00,58B,accurate,Low,Natural Gas Storage,51B,accurate,29,2018-07-19 14:30:00+00:00,20.69,2018,3,7,Thursday
24.6B,USD,2018-07-09 15:00:00,12.2B,better,Low,Consumer Credit m/m,10.3B,better,28,2018-07-09 19:00:00+00:00,-101.64,2018,3,7,Monday
107.2,USD,2018-07-10 05:10:00,105.6,better,Low,NFIB Small Business Index,107.8,accurate,28,2018-07-10 09:10:00+00:00,-1.52,2018,3,7,Tuesday
6.64M,USD,2018-07-10 10:00:00,6.88M,worse,Low,JOLTS Job Openings,6.84M,better,28,2018-07-10 14:00:00+00:00,3.49,2018,3,7,Tuesday
0.3%,USD,2018-07-11 08:30:00,0.2%,better,Medium,Core PPI m/m,0.3%,accurate,28,2018-07-11 12:30:00+00:00,-50.0,2018,3,7,Wednesday
0.3%,USD,2018-07-11 08:30:00,0.2%,better,Medium,PPI m/m,0.5%,accurate,28,2018-07-11 12:30:00+00:00,-50.0,2018,3,7,Wednesday
0.6%,USD,2018-07-11 10:00:00,0.5%,worse,Low,Final Wholesale Inventories m/m,0.5%,accurate,28,2018-07-11 14:00:00+00:00,-20.0,2018,3,7,Wednesday
-12.6M,USD,2018-07-11 10:30:00,-4.1M,accurate,High,Crude Oil Inventories,1.2M,accurate,28,2018-07-11 14:30:00+00:00,207.32,2018,3,7,Wednesday
0.1%,USD,2018-07-12 08:30:00,0.2%,worse,High,CPI m/m,0.2%,accurate,28,2018-07-12 12:30:00+00:00,50.0,2018,3,7,Thursday
0.2%,USD,2018-07-12 08:30:00,0.2%,accurate,High,Core CPI m/m,0.2%,accurate,28,2018-07-12 12:30:00+00:00,0.0,2018,3,7,Thursday
214K,USD,2018-07-12 08:30:00,226K,better,Medium,Unemployment Claims,232K,accurate,28,2018-07-12 12:30:00+00:00,5.31,2018,3,7,Thursday
51B,USD,2018-07-12 10:30:00,55B,accurate,Low,Natural Gas Storage,78B,accurate,28,2018-07-12 14:30:00+00:00,7.27,2018,3,7,Thursday
-74.9B,USD,2018-07-12 14:00:00,-92.3B,better,Low,Federal Budget Balance,-146.8B,accurate,28,2018-07-12 18:00:00+00:00,-18.85,2018,3,7,Thursday
-0.4%,USD,2018-07-13 08:30:00,0.1%,worse,Low,Import Prices m/m,0.9%,better,28,2018-07-13 12:30:00+00:00,500.0,2018,3,7,Friday
97.1,USD,2018-07-13 10:00:00,98.1,worse,Medium,Prelim UoM Consumer Sentiment,98.2,worse,28,2018-07-13 14:00:00+00:00,1.02,2018,3,7,Friday
55.4,USD,2018-07-02 09:45:00,54.6,better,Low,Final Manufacturing PMI,54.6,accurate,27,2018-07-02 13:45:00+00:00,-1.47,2018,3,7,Monday
60.2,USD,2018-07-02 10:00:00,58.2,better,High,ISM Manufacturing PMI,58.7,accurate,27,2018-07-02 14:00:00+00:00,-3.44,2018,3,7,Monday
0.4%,USD,2018-07-02 10:00:00,0.5%,accurate,Low,Construction Spending m/m,0.9%,worse,27,2018-07-02 14:00:00+00:00,20.0,2018,3,7,Monday
76.8,USD,2018-07-02 10:00:00,74.3,better,Low,ISM Manufacturing Prices,79.5,accurate,27,2018-07-02 14:00:00+00:00,-3.36,2018,3,7,Monday
56.4,USD,2018-07-03 09:59:00,54.2,better,Low,IBD/TIPP Economic Optimism,53.9,accurate,27,2018-07-03 14:00:00+00:00,-4.06,2018,3,7,Tuesday
0.4%,USD,2018-07-03 10:00:00,0.1%,better,Low,Factory Orders m/m,-0.4%,better,27,2018-07-03 14:00:00+00:00,-300.0,2018,3,7,Tuesday
17.5M,USD,2018-07-03 01:00:00,17.0M,better,Low,Total Vehicle Sales,16.9M,accurate,27,2018-07-03 05:00:00+00:00,-2.94,2018,3,7,Tuesday
177K,USD,2018-07-05 08:15:00,190K,worse,High,ADP Non-Farm Employment Change,189K,better,27,2018-07-05 12:15:00+00:00,6.84,2018,3,7,Thursday
231K,USD,2018-07-05 08:30:00,225K,worse,Medium,Unemployment Claims,228K,accurate,27,2018-07-05 12:30:00+00:00,-2.67,2018,3,7,Thursday
56.5,USD,2018-07-05 09:45:00,56.5,accurate,Low,Final Services PMI,56.5,accurate,27,2018-07-05 13:45:00+00:00,0.0,2018,3,7,Thursday
59.1,USD,2018-07-05 10:00:00,58.3,better,High,ISM Non-Manufacturing PMI,58.6,accurate,27,2018-07-05 14:00:00+00:00,-1.37,2018,3,7,Thursday
1.2M,USD,2018-07-05 11:00:00,-4.4M,accurate,High,Crude Oil Inventories,-9.9M,accurate,27,2018-07-05 15:00:00+00:00,-127.27,2018,3,7,Thursday
0.2%,USD,2018-07-06 08:30:00,0.3%,worse,High,Average Hourly Earnings m/m,0.3%,accurate,27,2018-07-06 12:30:00+00:00,33.33,2018,3,7,Friday
213K,USD,2018-07-06 08:30:00,195K,better,High,Non-Farm Employment Change,244K,better,27,2018-07-06 12:30:00+00:00,-9.23,2018,3,7,Friday
4.0%,USD,2018-07-06 08:30:00,3.8%,worse,High,Unemployment Rate,3.8%,accurate,27,2018-07-06 12:30:00+00:00,-5.26,2018,3,7,Friday
-43.1B,USD,2018-07-06 08:30:00,-43.6B,accurate,Low,Trade Balance,-46.1B,accurate,27,2018-07-06 12:30:00+00:00,-1.15,2018,3,7,Friday
78B,USD,2018-07-06 10:30:00,76B,accurate,Low,Natural Gas Storage,66B,accurate,27,2018-07-06 14:30:00+00:00,-2.63,2018,3,7,Friday
689K,USD,2018-06-25 10:00:00,665K,better,Low,New Home Sales,646K,worse,26,2018-06-25 14:00:00+00:00,-3.61,2018,2,6,Monday
6.6%,USD,2018-06-26 09:00:00,6.9%,worse,Low,S&P/CS Composite-20 HPI y/y,6.7%,accurate,26,2018-06-26 13:00:00+00:00,4.35,2018,2,6,Tuesday
20,USD,2018-06-26 09:59:00,15,better,Low,Richmond Manufacturing Index,16,accurate,26,2018-06-26 14:00:00+00:00,-33.33,2018,2,6,Tuesday
126.4,USD,2018-06-26 10:00:00,127.6,worse,High,CB Consumer Confidence,128.8,better,26,2018-06-26 14:00:00+00:00,0.94,2018,2,6,Tuesday
-0.3%,USD,2018-06-27 08:30:00,0.5%,worse,High,Core Durable Goods Orders m/m,1.9%,better,26,2018-06-27 12:30:00+00:00,160.0,2018,2,6,Wednesday
-0.6%,USD,2018-06-27 08:30:00,-0.9%,better,Medium,Durable Goods Orders m/m,-1.6%,accurate,26,2018-06-27 12:30:00+00:00,-33.33,2018,2,6,Wednesday
-64.8B,USD,2018-06-27 08:30:00,-68.9B,better,Low,Goods Trade Balance,-67.3B,better,26,2018-06-27 12:30:00+00:00,-5.95,2018,2,6,Wednesday
0.5%,USD,2018-06-27 08:30:00,0.2%,worse,Low,Prelim Wholesale Inventories m/m,0.1%,worse,26,2018-06-27 12:30:00+00:00,-150.0,2018,2,6,Wednesday
-0.5%,USD,2018-06-27 10:00:00,0.4%,worse,Low,Pending Home Sales m/m,-1.3%,accurate,26,2018-06-27 14:00:00+00:00,225.0,2018,2,6,Wednesday
-9.9M,USD,2018-06-27 10:30:00,-2.4M,accurate,High,Crude Oil Inventories,-5.9M,accurate,26,2018-06-27 14:30:00+00:00,312.5,2018,2,6,Wednesday
2.0%,USD,2018-06-28 08:30:00,2.2%,worse,High,Final GDP q/q,2.2%,accurate,26,2018-06-28 12:30:00+00:00,9.09,2018,2,6,Thursday
227K,USD,2018-06-28 08:30:00,220K,worse,Medium,Unemployment Claims,218K,accurate,26,2018-06-28 12:30:00+00:00,-3.18,2018,2,6,Thursday
2.2%,USD,2018-06-28 08:30:00,1.9%,better,Low,Final GDP Price Index q/q,1.9%,accurate,26,2018-06-28 12:30:00+00:00,-15.79,2018,2,6,Thursday
66B,USD,2018-06-28 10:30:00,73B,accurate,Low,Natural Gas Storage,91B,accurate,26,2018-06-28 14:30:00+00:00,9.59,2018,2,6,Thursday
0.2%,USD,2018-06-29 08:30:00,0.2%,accurate,Medium,Core PCE Price Index m/m,0.2%,accurate,26,2018-06-29 12:30:00+00:00,0.0,2018,2,6,Friday
0.2%,USD,2018-06-29 08:30:00,0.4%,worse,Medium,Personal Spending m/m,0.5%,worse,26,2018-06-29 12:30:00+00:00,50.0,2018,2,6,Friday
0.4%,USD,2018-06-29 08:30:00,0.4%,accurate,Low,Personal Income m/m,0.2%,worse,26,2018-06-29 12:30:00+00:00,0.0,2018,2,6,Friday
64.1,USD,2018-06-29 09:45:00,60.1,better,Medium,Chicago PMI,62.7,accurate,26,2018-06-29 13:45:00+00:00,-6.66,2018,2,6,Friday
98.2,USD,2018-06-29 10:00:00,99.1,worse,Medium,Revised UoM Consumer Sentiment,99.3,accurate,26,2018-06-29 14:00:00+00:00,0.91,2018,2,6,Friday
68,USD,2018-06-18 10:00:00,70,worse,Low,NAHB Housing Market Index,70,accurate,25,2018-06-18 14:00:00+00:00,2.86,2018,2,6,Monday
1.30M,USD,2018-06-19 08:30:00,1.35M,worse,High,Building Permits,1.36M,accurate,25,2018-06-19 12:30:00+00:00,3.7,2018,2,6,Tuesday
1.35M,USD,2018-06-19 08:30:00,1.31M,better,Medium,Housing Starts,1.29M,accurate,25,2018-06-19 12:30:00+00:00,-3.05,2018,2,6,Tuesday
-124B,USD,2018-06-20 08:30:00,-129B,better,Medium,Current Account,-116B,better,25,2018-06-20 12:30:00+00:00,-3.88,2018,2,6,Wednesday
5.43M,USD,2018-06-20 10:00:00,5.52M,worse,Medium,Existing Home Sales,5.45M,accurate,25,2018-06-20 14:00:00+00:00,1.63,2018,2,6,Wednesday
-5.9M,USD,2018-06-20 10:30:00,-2.1M,accurate,High,Crude Oil Inventories,-4.1M,accurate,25,2018-06-20 14:30:00+00:00,180.95,2018,2,6,Wednesday
19.9,USD,2018-06-21 08:30:00,28.9,worse,Medium,Philly Fed Manufacturing Index,34.4,accurate,25,2018-06-21 12:30:00+00:00,31.14,2018,2,6,Thursday
218K,USD,2018-06-21 08:30:00,220K,accurate,Medium,Unemployment Claims,221K,accurate,25,2018-06-21 12:30:00+00:00,0.91,2018,2,6,Thursday
0.1%,USD,2018-06-21 09:00:00,0.3%,worse,Low,HPI m/m,0.1%,accurate,25,2018-06-21 13:00:00+00:00,66.67,2018,2,6,Thursday
0.2%,USD,2018-06-21 10:00:00,0.4%,worse,Low,CB Leading Index m/m,0.4%,accurate,25,2018-06-21 14:00:00+00:00,50.0,2018,2,6,Thursday
91B,USD,2018-06-21 10:30:00,85B,accurate,Low,Natural Gas Storage,96B,accurate,25,2018-06-21 14:30:00+00:00,-7.06,2018,2,6,Thursday
54.6,USD,2018-06-22 09:45:00,56.3,worse,Low,Flash Manufacturing PMI,56.4,accurate,25,2018-06-22 13:45:00+00:00,3.02,2018,2,6,Friday
56.5,USD,2018-06-22 09:45:00,56.4,accurate,Low,Flash Services PMI,56.8,better,25,2018-06-22 13:45:00+00:00,-0.18,2018,2,6,Friday
107.8,USD,2018-06-12 06:00:00,105.2,better,Low,NFIB Small Business Index,104.8,accurate,24,2018-06-12 10:00:00+00:00,-2.47,2018,2,6,Tuesday
0.2%,USD,2018-06-12 08:30:00,0.2%,accurate,High,CPI m/m,0.2%,accurate,24,2018-06-12 12:30:00+00:00,0.0,2018,2,6,Tuesday
0.2%,USD,2018-06-12 08:30:00,0.1%,better,High,Core CPI m/m,0.1%,accurate,24,2018-06-12 12:30:00+00:00,-100.0,2018,2,6,Tuesday
-146.8B,USD,2018-06-12 14:00:00,-119.0B,worse,Low,Federal Budget Balance,214.3B,accurate,24,2018-06-12 18:00:00+00:00,23.36,2018,2,6,Tuesday
0.5%,USD,2018-06-13 08:30:00,0.3%,better,High,PPI m/m,0.1%,accurate,24,2018-06-13 12:30:00+00:00,-66.67,2018,2,6,Wednesday
0.3%,USD,2018-06-13 08:30:00,0.2%,better,Medium,Core PPI m/m,0.2%,accurate,24,2018-06-13 12:30:00+00:00,-50.0,2018,2,6,Wednesday
-4.1M,USD,2018-06-13 10:30:00,-1.4M,accurate,High,Crude Oil Inventories,2.1M,accurate,24,2018-06-13 14:30:00+00:00,192.86,2018,2,6,Wednesday
<2.00%,USD,2018-06-13 14:00:00,<2.00%,accurate,High,Federal Funds Rate,<1.75%,accurate,24,2018-06-13 18:00:00+00:00,0.0,2018,2,6,Wednesday
0.9%,USD,2018-06-14 08:30:00,0.5%,better,High,Core Retail Sales m/m,0.4%,better,24,2018-06-14 12:30:00+00:00,-80.0,2018,2,6,Thursday
0.8%,USD,2018-06-14 08:30:00,0.4%,better,High,Retail Sales m/m,0.4%,better,24,2018-06-14 12:30:00+00:00,-100.0,2018,2,6,Thursday
218K,USD,2018-06-14 08:30:00,223K,better,Medium,Unemployment Claims,222K,accurate,24,2018-06-14 12:30:00+00:00,2.24,2018,2,6,Thursday
0.6%,USD,2018-06-14 08:30:00,0.5%,accurate,Low,Import Prices m/m,0.6%,better,24,2018-06-14 12:30:00+00:00,-20.0,2018,2,6,Thursday
0.3%,USD,2018-06-14 10:00:00,0.3%,accurate,Low,Business Inventories m/m,-0.1%,better,24,2018-06-14 14:00:00+00:00,0.0,2018,2,6,Thursday
96B,USD,2018-06-14 10:30:00,87B,accurate,Low,Natural Gas Storage,92B,accurate,24,2018-06-14 14:30:00+00:00,-10.34,2018,2,6,Thursday
25.0,USD,2018-06-15 08:30:00,19.1,better,Medium,Empire State Manufacturing Index,20.1,accurate,24,2018-06-15 12:30:00+00:00,-30.89,2018,2,6,Friday
77.9%,USD,2018-06-15 09:15:00,78.1%,worse,Medium,Capacity Utilization Rate,78.1%,accurate,24,2018-06-15 13:15:00+00:00,0.26,2018,2,6,Friday
-0.1%,USD,2018-06-15 09:15:00,0.2%,worse,Medium,Industrial Production m/m,0.9%,better,24,2018-06-15 13:15:00+00:00,150.0,2018,2,6,Friday
99.3,USD,2018-06-15 10:00:00,98.5,better,Medium,Prelim UoM Consumer Sentiment,98.0,worse,24,2018-06-15 14:00:00+00:00,-0.81,2018,2,6,Friday
93.9B,USD,2018-06-15 16:00:00,58.5B,better,Low,TIC Long-Term Purchases,61.8B,accurate,24,2018-06-15 20:00:00+00:00,-60.51,2018,2,6,Friday
-0.8%,USD,2018-06-04 10:00:00,-0.4%,worse,Low,Factory Orders m/m,1.7%,accurate,23,2018-06-04 14:00:00+00:00,100.0,2018,2,6,Monday
56.8,USD,2018-06-05 09:45:00,55.7,better,Low,Final Services PMI,55.7,accurate,23,2018-06-05 13:45:00+00:00,-1.97,2018,2,6,Tuesday
58.6,USD,2018-06-05 10:00:00,57.9,better,High,ISM Non-Manufacturing PMI,56.8,accurate,23,2018-06-05 14:00:00+00:00,-1.21,2018,2,6,Tuesday
6.70M,USD,2018-06-05 10:00:00,6.49M,better,Low,JOLTS Job Openings,6.63M,better,23,2018-06-05 14:00:00+00:00,-3.24,2018,2,6,Tuesday
0.4%,USD,2018-06-06 08:30:00,0.7%,better,Low,Revised Nonfarm Productivity q/q,0.7%,accurate,23,2018-06-06 12:30:00+00:00,42.86,2018,2,6,Wednesday
2.9%,USD,2018-06-06 08:30:00,2.7%,better,Low,Revised Unit Labor Costs q/q,2.7%,accurate,23,2018-06-06 12:30:00+00:00,-7.41,2018,2,6,Wednesday
-46.2B,USD,2018-06-06 08:30:00,-50.0B,better,Low,Trade Balance,-47.2B,better,23,2018-06-06 12:30:00+00:00,-7.6,2018,2,6,Wednesday
2.1M,USD,2018-06-06 10:30:00,-2.0M,accurate,High,Crude Oil Inventories,-3.6M,accurate,23,2018-06-06 14:30:00+00:00,-205.0,2018,2,6,Wednesday
222K,USD,2018-06-07 08:30:00,223K,accurate,Medium,Unemployment Claims,223K,accurate,23,2018-06-07 12:30:00+00:00,0.45,2018,2,6,Thursday
53.9,USD,2018-06-07 10:00:00,54.2,accurate,Low,IBD/TIPP Economic Optimism,53.6,accurate,23,2018-06-07 14:00:00+00:00,0.55,2018,2,6,Thursday
92B,USD,2018-06-07 10:30:00,87B,accurate,Low,Natural Gas Storage,96B,accurate,23,2018-06-07 14:30:00+00:00,-5.75,2018,2,6,Thursday
9.3B,USD,2018-06-07 15:00:00,13.9B,worse,Low,Consumer Credit m/m,12.3B,better,23,2018-06-07 19:00:00+00:00,33.09,2018,2,6,Thursday
0.1%,USD,2018-06-08 10:00:00,0.0%,worse,Low,Final Wholesale Inventories m/m,0.0%,accurate,23,2018-06-08 14:00:00+00:00,100.0,2018,2,6,Friday
6.8%,USD,2018-05-29 09:00:00,6.5%,better,Low,S&P/CS Composite-20 HPI y/y,6.8%,accurate,22,2018-05-29 13:00:00+00:00,-4.62,2018,2,5,Tuesday
128.0,USD,2018-05-29 10:00:00,128.2,accurate,High,CB Consumer Confidence,125.6,worse,22,2018-05-29 14:00:00+00:00,0.16,2018,2,5,Tuesday
178K,USD,2018-05-30 08:15:00,191K,worse,High,ADP Non-Farm Employment Change,163K,worse,22,2018-05-30 12:15:00+00:00,6.81,2018,2,5,Wednesday
2.2%,USD,2018-05-30 08:30:00,2.3%,worse,High,Prelim GDP q/q,2.3%,accurate,22,2018-05-30 12:30:00+00:00,4.35,2018,2,5,Wednesday
-68.2B,USD,2018-05-30 08:30:00,-71.2B,better,Low,Goods Trade Balance,-68.3B,accurate,22,2018-05-30 12:30:00+00:00,-4.21,2018,2,5,Wednesday
1.9%,USD,2018-05-30 08:30:00,2.0%,accurate,Low,Prelim GDP Price Index q/q,2.0%,accurate,22,2018-05-30 12:30:00+00:00,5.0,2018,2,5,Wednesday
0.0%,USD,2018-05-30 08:30:00,0.4%,better,Low,Prelim Wholesale Inventories m/m,0.3%,better,22,2018-05-30 12:30:00+00:00,100.0,2018,2,5,Wednesday
0.2%,USD,2018-05-31 08:30:00,0.1%,better,Medium,Core PCE Price Index m/m,0.2%,accurate,22,2018-05-31 12:30:00+00:00,-100.0,2018,2,5,Thursday
0.6%,USD,2018-05-31 08:30:00,0.4%,better,Medium,Personal Spending m/m,0.5%,better,22,2018-05-31 12:30:00+00:00,-50.0,2018,2,5,Thursday
221K,USD,2018-05-31 08:30:00,228K,better,Medium,Unemployment Claims,234K,accurate,22,2018-05-31 12:30:00+00:00,3.07,2018,2,5,Thursday
0.3%,USD,2018-05-31 08:30:00,0.3%,accurate,Low,Personal Income m/m,0.2%,worse,22,2018-05-31 12:30:00+00:00,0.0,2018,2,5,Thursday
62.7,USD,2018-05-31 09:45:00,58.2,better,Medium,Chicago PMI,57.6,accurate,22,2018-05-31 13:45:00+00:00,-7.73,2018,2,5,Thursday
-1.3%,USD,2018-05-31 10:00:00,0.4%,worse,Low,Pending Home Sales m/m,0.6%,better,22,2018-05-31 14:00:00+00:00,425.0,2018,2,5,Thursday
96B,USD,2018-05-31 10:30:00,100B,accurate,Low,Natural Gas Storage,91B,accurate,22,2018-05-31 14:30:00+00:00,4.0,2018,2,5,Thursday
-3.6M,USD,2018-05-31 11:00:00,-0.4M,accurate,High,Crude Oil Inventories,5.8M,accurate,22,2018-05-31 15:00:00+00:00,800.0,2018,2,5,Thursday
0.3%,USD,2018-06-01 08:30:00,0.2%,better,High,Average Hourly Earnings m/m,0.1%,accurate,22,2018-06-01 12:30:00+00:00,-50.0,2018,2,6,Friday
223K,USD,2018-06-01 08:30:00,189K,better,High,Non-Farm Employment Change,159K,accurate,22,2018-06-01 12:30:00+00:00,-17.99,2018,2,6,Friday
3.8%,USD,2018-06-01 08:30:00,3.9%,better,High,Unemployment Rate,3.9%,accurate,22,2018-06-01 12:30:00+00:00,2.56,2018,2,6,Friday
56.4,USD,2018-06-01 09:45:00,56.6,accurate,Low,Final Manufacturing PMI,56.6,accurate,22,2018-06-01 13:45:00+00:00,0.35,2018,2,6,Friday
58.7,USD,2018-06-01 10:00:00,58.3,better,High,ISM Manufacturing PMI,57.3,accurate,22,2018-06-01 14:00:00+00:00,-0.69,2018,2,6,Friday
1.8%,USD,2018-06-01 10:00:00,0.8%,better,Low,Construction Spending m/m,-1.7%,accurate,22,2018-06-01 14:00:00+00:00,-125.0,2018,2,6,Friday
79.5,USD,2018-06-01 10:00:00,78.1,better,Low,ISM Manufacturing Prices,79.3,accurate,22,2018-06-01 14:00:00+00:00,-1.79,2018,2,6,Friday
16.9M,USD,2018-06-01 01:00:00,17.0M,accurate,Low,Total Vehicle Sales,17.2M,accurate,22,2018-06-01 05:00:00+00:00,0.59,2018,2,6,Friday
16,USD,2018-05-22 09:59:00,9,better,Low,Richmond Manufacturing Index,-3,accurate,21,2018-05-22 14:00:00+00:00,-77.78,2018,2,5,Tuesday
56.6,USD,2018-05-23 09:45:00,56.6,accurate,Low,Flash Manufacturing PMI,56.5,accurate,21,2018-05-23 13:45:00+00:00,0.0,2018,2,5,Wednesday
55.7,USD,2018-05-23 09:45:00,54.9,better,Low,Flash Services PMI,54.6,accurate,21,2018-05-23 13:45:00+00:00,-1.46,2018,2,5,Wednesday
662K,USD,2018-05-23 10:00:00,680K,worse,Low,New Home Sales,672K,worse,21,2018-05-23 14:00:00+00:00,2.65,2018,2,5,Wednesday
5.8M,USD,2018-05-23 10:30:00,-2.5M,accurate,High,Crude Oil Inventories,-1.4M,accurate,21,2018-05-23 14:30:00+00:00,-332.0,2018,2,5,Wednesday
234K,USD,2018-05-24 08:30:00,220K,worse,Medium,Unemployment Claims,223K,accurate,21,2018-05-24 12:30:00+00:00,-6.36,2018,2,5,Thursday
0.1%,USD,2018-05-24 09:00:00,0.5%,worse,Low,HPI m/m,0.6%,accurate,21,2018-05-24 13:00:00+00:00,80.0,2018,2,5,Thursday
5.46M,USD,2018-05-24 10:00:00,5.56M,worse,Medium,Existing Home Sales,5.60M,accurate,21,2018-05-24 14:00:00+00:00,1.8,2018,2,5,Thursday
91B,USD,2018-05-24 10:30:00,92B,accurate,Low,Natural Gas Storage,106B,accurate,21,2018-05-24 14:30:00+00:00,1.09,2018,2,5,Thursday
0.9%,USD,2018-05-25 08:30:00,0.5%,better,High,Core Durable Goods Orders m/m,0.1%,accurate,21,2018-05-25 12:30:00+00:00,-80.0,2018,2,5,Friday
-1.7%,USD,2018-05-25 08:30:00,-1.3%,worse,Medium,Durable Goods Orders m/m,2.7%,accurate,21,2018-05-25 12:30:00+00:00,30.77,2018,2,5,Friday
98.0,USD,2018-05-25 10:00:00,98.8,worse,Medium,Revised UoM Consumer Sentiment,98.8,accurate,21,2018-05-25 14:00:00+00:00,0.81,2018,2,5,Friday
0.3%,USD,2018-05-15 08:30:00,0.5%,worse,High,Core Retail Sales m/m,0.4%,better,20,2018-05-15 12:30:00+00:00,40.0,2018,2,5,Tuesday
0.3%,USD,2018-05-15 08:30:00,0.4%,worse,High,Retail Sales m/m,0.8%,better,20,2018-05-15 12:30:00+00:00,25.0,2018,2,5,Tuesday
20.1,USD,2018-05-15 08:30:00,15.1,better,Medium,Empire State Manufacturing Index,15.8,accurate,20,2018-05-15 12:30:00+00:00,-33.11,2018,2,5,Tuesday
0.0%,USD,2018-05-15 10:00:00,0.2%,better,Low,Business Inventories m/m,0.6%,accurate,20,2018-05-15 14:00:00+00:00,100.0,2018,2,5,Tuesday
70,USD,2018-05-15 10:00:00,70,accurate,Low,NAHB Housing Market Index,68,worse,20,2018-05-15 14:00:00+00:00,0.0,2018,2,5,Tuesday
61.8B,USD,2018-05-15 16:00:00,51.3B,better,Low,TIC Long-Term Purchases,49.0B,accurate,20,2018-05-15 20:00:00+00:00,-20.47,2018,2,5,Tuesday
1.35M,USD,2018-05-16 08:30:00,1.35M,accurate,High,Building Permits,1.38M,better,20,2018-05-16 12:30:00+00:00,0.0,2018,2,5,Wednesday
1.29M,USD,2018-05-16 08:30:00,1.32M,worse,Medium,Housing Starts,1.34M,accurate,20,2018-05-16 12:30:00+00:00,2.27,2018,2,5,Wednesday
78.0%,USD,2018-05-16 09:15:00,78.4%,worse,Medium,Capacity Utilization Rate,77.6%,worse,20,2018-05-16 13:15:00+00:00,0.51,2018,2,5,Wednesday
0.7%,USD,2018-05-16 09:15:00,0.6%,better,Medium,Industrial Production m/m,0.7%,better,20,2018-05-16 13:15:00+00:00,-16.67,2018,2,5,Wednesday
-1.4M,USD,2018-05-16 10:30:00,-1.1M,accurate,High,Crude Oil Inventories,-2.2M,accurate,20,2018-05-16 14:30:00+00:00,27.27,2018,2,5,Wednesday
222K,USD,2018-05-17 08:30:00,216K,worse,Medium,Unemployment Claims,211K,accurate,20,2018-05-17 12:30:00+00:00,-2.78,2018,2,5,Thursday
34.4,USD,2018-05-17 08:32:00,21.1,better,Medium,Philly Fed Manufacturing Index,23.2,accurate,20,2018-05-17 12:30:00+00:00,-63.03,2018,2,5,Thursday
0.4%,USD,2018-05-17 10:00:00,0.4%,accurate,Low,CB Leading Index m/m,0.4%,better,20,2018-05-17 14:00:00+00:00,0.0,2018,2,5,Thursday
106B,USD,2018-05-17 10:30:00,105B,accurate,Low,Natural Gas Storage,89B,accurate,20,2018-05-17 14:30:00+00:00,-0.95,2018,2,5,Thursday
11.6B,USD,2018-05-07 15:00:00,16.2B,worse,Low,Consumer Credit m/m,13.6B,better,19,2018-05-07 19:00:00+00:00,28.4,2018,2,5,Monday
104.8,USD,2018-05-08 06:00:00,105.2,accurate,Low,NFIB Small Business Index,104.7,accurate,19,2018-05-08 10:00:00+00:00,0.38,2018,2,5,Tuesday
6.55M,USD,2018-05-08 10:00:00,6.02M,better,Low,JOLTS Job Openings,6.08M,accurate,19,2018-05-08 14:00:00+00:00,-8.8,2018,2,5,Tuesday
53.6,USD,2018-05-08 10:02:00,51.3,better,Low,IBD/TIPP Economic Optimism,52.6,accurate,19,2018-05-08 14:00:00+00:00,-4.48,2018,2,5,Tuesday
0.1%,USD,2018-05-09 08:30:00,0.2%,worse,High,PPI m/m,0.3%,accurate,19,2018-05-09 12:30:00+00:00,50.0,2018,2,5,Wednesday
0.2%,USD,2018-05-09 08:30:00,0.2%,accurate,Medium,Core PPI m/m,0.3%,accurate,19,2018-05-09 12:30:00+00:00,0.0,2018,2,5,Wednesday
0.3%,USD,2018-05-09 10:00:00,0.6%,better,Low,Final Wholesale Inventories m/m,0.5%,accurate,19,2018-05-09 14:00:00+00:00,50.0,2018,2,5,Wednesday
-2.2M,USD,2018-05-09 10:30:00,-0.2M,accurate,High,Crude Oil Inventories,6.2M,accurate,19,2018-05-09 14:30:00+00:00,1000.0,2018,2,5,Wednesday
0.2%,USD,2018-05-10 08:30:00,0.3%,worse,High,CPI m/m,-0.1%,accurate,19,2018-05-10 12:30:00+00:00,33.33,2018,2,5,Thursday
0.1%,USD,2018-05-10 08:30:00,0.2%,worse,High,Core CPI m/m,0.2%,accurate,19,2018-05-10 12:30:00+00:00,50.0,2018,2,5,Thursday
211K,USD,2018-05-10 08:30:00,219K,better,Medium,Unemployment Claims,211K,accurate,19,2018-05-10 12:30:00+00:00,3.65,2018,2,5,Thursday
89B,USD,2018-05-10 10:30:00,81B,accurate,Low,Natural Gas Storage,62B,accurate,19,2018-05-10 14:30:00+00:00,-9.88,2018,2,5,Thursday
214.3B,USD,2018-05-10 14:00:00,201.2B,better,Low,Federal Budget Balance,-208.7B,accurate,19,2018-05-10 18:00:00+00:00,-6.51,2018,2,5,Thursday
0.3%,USD,2018-05-11 08:30:00,0.5%,worse,Low,Import Prices m/m,-0.2%,worse,19,2018-05-11 12:30:00+00:00,40.0,2018,2,5,Friday
98.8,USD,2018-05-11 10:00:00,98.4,accurate,Medium,Prelim UoM Consumer Sentiment,98.8,better,19,2018-05-11 14:00:00+00:00,-0.41,2018,2,5,Friday
0.2%,USD,2018-04-30 08:30:00,0.2%,accurate,Medium,Core PCE Price Index m/m,0.2%,accurate,18,2018-04-30 12:30:00+00:00,0.0,2018,2,4,Monday
0.4%,USD,2018-04-30 08:30:00,0.4%,accurate,Medium,Personal Spending m/m,0.0%,worse,18,2018-04-30 12:30:00+00:00,0.0,2018,2,4,Monday
0.3%,USD,2018-04-30 08:30:00,0.4%,worse,Low,Personal Income m/m,0.3%,worse,18,2018-04-30 12:30:00+00:00,25.0,2018,2,4,Monday
57.6,USD,2018-04-30 09:45:00,58.2,worse,Medium,Chicago PMI,57.4,accurate,18,2018-04-30 13:45:00+00:00,1.03,2018,2,4,Monday
0.4%,USD,2018-04-30 10:00:00,0.6%,worse,Low,Pending Home Sales m/m,2.8%,worse,18,2018-04-30 14:00:00+00:00,33.33,2018,2,4,Monday
56.5,USD,2018-05-01 09:45:00,56.5,accurate,Low,Final Manufacturing PMI,56.5,accurate,18,2018-05-01 13:45:00+00:00,0.0,2018,2,5,Tuesday
57.3,USD,2018-05-01 10:00:00,58.4,worse,High,ISM Manufacturing PMI,59.3,accurate,18,2018-05-01 14:00:00+00:00,1.88,2018,2,5,Tuesday
-1.7%,USD,2018-05-01 10:00:00,0.5%,worse,Low,Construction Spending m/m,1.0%,better,18,2018-05-01 14:00:00+00:00,440.0,2018,2,5,Tuesday
79.3,USD,2018-05-01 10:00:00,78.3,better,Low,ISM Manufacturing Prices,78.1,accurate,18,2018-05-01 14:00:00+00:00,-1.28,2018,2,5,Tuesday
17.2M,USD,2018-05-01 01:00:00,17.1M,accurate,Low,Total Vehicle Sales,17.5M,accurate,18,2018-05-01 05:00:00+00:00,-0.58,2018,2,5,Tuesday
204K,USD,2018-05-02 08:15:00,200K,accurate,High,ADP Non-Farm Employment Change,228K,worse,18,2018-05-02 12:15:00+00:00,-2.0,2018,2,5,Wednesday
6.2M,USD,2018-05-02 10:30:00,1.0M,accurate,High,Crude Oil Inventories,2.2M,accurate,18,2018-05-02 14:30:00+00:00,-520.0,2018,2,5,Wednesday
<1.75%,USD,2018-05-02 14:00:00,<1.75%,accurate,High,Federal Funds Rate,<1.75%,accurate,18,2018-05-02 18:00:00+00:00,0.0,2018,2,5,Wednesday
0.7%,USD,2018-05-03 08:30:00,0.9%,better,Medium,Prelim Nonfarm Productivity q/q,0.0%,accurate,18,2018-05-03 12:30:00+00:00,22.22,2018,2,5,Thursday
2.7%,USD,2018-05-03 08:30:00,3.1%,worse,Medium,Prelim Unit Labor Costs q/q,2.5%,better,18,2018-05-03 12:30:00+00:00,12.9,2018,2,5,Thursday
211K,USD,2018-05-03 08:30:00,225K,better,Medium,Unemployment Claims,209K,accurate,18,2018-05-03 12:30:00+00:00,6.22,2018,2,5,Thursday
-49.0B,USD,2018-05-03 08:30:00,-50.0B,better,Low,Trade Balance,-57.7B,accurate,18,2018-05-03 12:30:00+00:00,-2.0,2018,2,5,Thursday
54.6,USD,2018-05-03 09:45:00,54.4,accurate,Low,Final Services PMI,54.4,accurate,18,2018-05-03 13:45:00+00:00,-0.37,2018,2,5,Thursday
56.8,USD,2018-05-03 10:00:00,58.1,worse,High,ISM Non-Manufacturing PMI,58.8,accurate,18,2018-05-03 14:00:00+00:00,2.24,2018,2,5,Thursday
1.6%,USD,2018-05-03 10:00:00,1.3%,better,Low,Factory Orders m/m,1.6%,better,18,2018-05-03 14:00:00+00:00,-23.08,2018,2,5,Thursday
62B,USD,2018-05-03 10:30:00,47B,accurate,Low,Natural Gas Storage,-18B,accurate,18,2018-05-03 14:30:00+00:00,-31.91,2018,2,5,Thursday
0.1%,USD,2018-05-04 08:30:00,0.2%,worse,High,Average Hourly Earnings m/m,0.2%,worse,18,2018-05-04 12:30:00+00:00,50.0,2018,2,5,Friday
164K,USD,2018-05-04 08:30:00,190K,worse,High,Non-Farm Employment Change,135K,better,18,2018-05-04 12:30:00+00:00,13.68,2018,2,5,Friday
3.9%,USD,2018-05-04 08:30:00,4.0%,better,High,Unemployment Rate,4.1%,accurate,18,2018-05-04 12:30:00+00:00,2.5,2018,2,5,Friday
56.5,USD,2018-04-23 09:45:00,55.2,better,Low,Flash Manufacturing PMI,55.6,accurate,17,2018-04-23 13:45:00+00:00,-2.36,2018,2,4,Monday
54.4,USD,2018-04-23 09:45:00,54.3,accurate,Low,Flash Services PMI,54.0,accurate,17,2018-04-23 13:45:00+00:00,-0.18,2018,2,4,Monday
5.60M,USD,2018-04-23 10:00:00,5.55M,better,Medium,Existing Home Sales,5.54M,accurate,17,2018-04-23 14:00:00+00:00,-0.9,2018,2,4,Monday
0.6%,USD,2018-04-24 09:00:00,0.5%,better,Low,HPI m/m,0.9%,better,17,2018-04-24 13:00:00+00:00,-20.0,2018,2,4,Tuesday
6.8%,USD,2018-04-24 09:00:00,6.3%,better,Low,S&P/CS Composite-20 HPI y/y,6.4%,accurate,17,2018-04-24 13:00:00+00:00,-7.94,2018,2,4,Tuesday
-3,USD,2018-04-24 09:59:00,16,worse,Low,Richmond Manufacturing Index,15,accurate,17,2018-04-24 14:00:00+00:00,118.75,2018,2,4,Tuesday
128.7,USD,2018-04-24 10:00:00,126.0,better,High,CB Consumer Confidence,127.0,worse,17,2018-04-24 14:00:00+00:00,-2.14,2018,2,4,Tuesday
694K,USD,2018-04-24 10:00:00,625K,better,Low,New Home Sales,667K,better,17,2018-04-24 14:00:00+00:00,-11.04,2018,2,4,Tuesday
2.2M,USD,2018-04-25 10:30:00,-1.6M,accurate,High,Crude Oil Inventories,-1.1M,accurate,17,2018-04-25 14:30:00+00:00,-237.5,2018,2,4,Wednesday
0.0%,USD,2018-04-26 08:30:00,0.5%,worse,High,Core Durable Goods Orders m/m,1.0%,worse,17,2018-04-26 12:30:00+00:00,100.0,2018,2,4,Thursday
2.6%,USD,2018-04-26 08:30:00,1.6%,better,Medium,Durable Goods Orders m/m,3.0%,accurate,17,2018-04-26 12:30:00+00:00,-62.5,2018,2,4,Thursday
209K,USD,2018-04-26 08:30:00,230K,better,Medium,Unemployment Claims,233K,accurate,17,2018-04-26 12:30:00+00:00,9.13,2018,2,4,Thursday
-68.0B,USD,2018-04-26 08:30:00,-74.8B,better,Low,Goods Trade Balance,-75.9B,accurate,17,2018-04-26 12:30:00+00:00,-9.09,2018,2,4,Thursday
0.5%,USD,2018-04-26 08:30:00,0.6%,better,Low,Prelim Wholesale Inventories m/m,1.0%,better,17,2018-04-26 12:30:00+00:00,16.67,2018,2,4,Thursday
-18B,USD,2018-04-26 10:30:00,-11B,accurate,Low,Natural Gas Storage,-36B,accurate,17,2018-04-26 14:30:00+00:00,63.64,2018,2,4,Thursday
2.3%,USD,2018-04-27 08:30:00,2.0%,better,High,Advance GDP q/q,2.9%,better,17,2018-04-27 12:30:00+00:00,-15.0,2018,2,4,Friday
2.0%,USD,2018-04-27 08:30:00,2.2%,worse,Medium,Advance GDP Price Index q/q,2.3%,accurate,17,2018-04-27 12:30:00+00:00,9.09,2018,2,4,Friday
0.8%,USD,2018-04-27 08:30:00,0.7%,better,Medium,Employment Cost Index q/q,0.6%,accurate,17,2018-04-27 12:30:00+00:00,-14.29,2018,2,4,Friday
98.8,USD,2018-04-27 10:00:00,98.0,better,Medium,Revised UoM Consumer Sentiment,97.8,accurate,17,2018-04-27 14:00:00+00:00,-0.82,2018,2,4,Friday
0.2%,USD,2018-04-16 08:30:00,0.2%,accurate,High,Core Retail Sales m/m,0.2%,accurate,16,2018-04-16 12:30:00+00:00,0.0,2018,2,4,Monday
0.6%,USD,2018-04-16 08:30:00,0.4%,better,High,Retail Sales m/m,-0.1%,accurate,16,2018-04-16 12:30:00+00:00,-50.0,2018,2,4,Monday
15.8,USD,2018-04-16 08:30:00,19.8,worse,Medium,Empire State Manufacturing Index,22.5,accurate,16,2018-04-16 12:30:00+00:00,20.2,2018,2,4,Monday
0.6%,USD,2018-04-16 10:00:00,0.6%,accurate,Low,Business Inventories m/m,0.6%,accurate,16,2018-04-16 14:00:00+00:00,0.0,2018,2,4,Monday
69,USD,2018-04-16 10:00:00,71,worse,Low,NAHB Housing Market Index,70,accurate,16,2018-04-16 14:00:00+00:00,2.82,2018,2,4,Monday
49.0B,USD,2018-04-16 16:00:00,52.3B,worse,Low,TIC Long-Term Purchases,61.4B,accurate,16,2018-04-16 20:00:00+00:00,6.31,2018,2,4,Monday
1.35M,USD,2018-04-17 08:30:00,1.33M,accurate,High,Building Permits,1.32M,accurate,16,2018-04-17 12:30:00+00:00,-1.5,2018,2,4,Tuesday
1.32M,USD,2018-04-17 08:30:00,1.27M,better,Medium,Housing Starts,1.30M,better,16,2018-04-17 12:30:00+00:00,-3.94,2018,2,4,Tuesday
78.0%,USD,2018-04-17 09:15:00,77.9%,accurate,Medium,Capacity Utilization Rate,78.1%,accurate,16,2018-04-17 13:15:00+00:00,-0.13,2018,2,4,Tuesday
0.5%,USD,2018-04-17 09:15:00,0.3%,better,Medium,Industrial Production m/m,1.1%,accurate,16,2018-04-17 13:15:00+00:00,-66.67,2018,2,4,Tuesday
-1.1M,USD,2018-04-18 10:30:00,-0.5M,accurate,High,Crude Oil Inventories,3.3M,accurate,16,2018-04-18 14:30:00+00:00,120.0,2018,2,4,Wednesday
23.2,USD,2018-04-19 08:30:00,20.8,better,Medium,Philly Fed Manufacturing Index,22.3,accurate,16,2018-04-19 12:30:00+00:00,-11.54,2018,2,4,Thursday
232K,USD,2018-04-19 08:30:00,230K,accurate,Medium,Unemployment Claims,233K,accurate,16,2018-04-19 12:30:00+00:00,-0.87,2018,2,4,Thursday
0.3%,USD,2018-04-19 10:00:00,0.3%,accurate,Low,CB Leading Index m/m,0.7%,better,16,2018-04-19 14:00:00+00:00,0.0,2018,2,4,Thursday
-36B,USD,2018-04-19 10:30:00,-23B,accurate,Low,Natural Gas Storage,-19B,accurate,16,2018-04-19 14:30:00+00:00,56.52,2018,2,4,Thursday
104.7,USD,2018-04-10 06:00:00,107.0,worse,Low,NFIB Small Business Index,107.6,accurate,15,2018-04-10 10:00:00+00:00,2.15,2018,2,4,Tuesday
0.3%,USD,2018-04-10 08:30:00,0.1%,better,High,PPI m/m,0.2%,accurate,15,2018-04-10 12:30:00+00:00,-200.0,2018,2,4,Tuesday
0.3%,USD,2018-04-10 08:30:00,0.2%,better,Medium,Core PPI m/m,0.2%,accurate,15,2018-04-10 12:30:00+00:00,-50.0,2018,2,4,Tuesday
1.0%,USD,2018-04-10 10:00:00,0.8%,worse,Low,Final Wholesale Inventories m/m,1.1%,accurate,15,2018-04-10 14:00:00+00:00,-25.0,2018,2,4,Tuesday
-0.1%,USD,2018-04-11 08:30:00,0.0%,worse,High,CPI m/m,0.2%,accurate,15,2018-04-11 12:30:00+00:00,-100.0,2018,2,4,Wednesday
0.2%,USD,2018-04-11 08:30:00,0.2%,accurate,High,Core CPI m/m,0.2%,accurate,15,2018-04-11 12:30:00+00:00,0.0,2018,2,4,Wednesday
3.3M,USD,2018-04-11 10:30:00,-0.6M,accurate,High,Crude Oil Inventories,-4.6M,accurate,15,2018-04-11 14:30:00+00:00,-650.0,2018,2,4,Wednesday
-208.7B,USD,2018-04-11 14:00:00,-191.0B,worse,Low,Federal Budget Balance,-215.2B,accurate,15,2018-04-11 18:00:00+00:00,9.27,2018,2,4,Wednesday
233K,USD,2018-04-12 08:30:00,231K,accurate,Medium,Unemployment Claims,242K,accurate,15,2018-04-12 12:30:00+00:00,-0.87,2018,2,4,Thursday
0.0%,USD,2018-04-12 08:30:00,0.2%,worse,Low,Import Prices m/m,0.3%,accurate,15,2018-04-12 12:30:00+00:00,100.0,2018,2,4,Thursday
-19B,USD,2018-04-12 10:30:00,-11B,accurate,Low,Natural Gas Storage,-29B,accurate,15,2018-04-12 14:30:00+00:00,72.73,2018,2,4,Thursday
97.8,USD,2018-04-13 10:00:00,100.6,worse,Medium,Prelim UoM Consumer Sentiment,101.4,worse,15,2018-04-13 14:00:00+00:00,2.78,2018,2,4,Friday
6.05M,USD,2018-04-13 10:00:00,6.11M,accurate,Low,JOLTS Job Openings,6.23M,worse,15,2018-04-13 14:00:00+00:00,0.98,2018,2,4,Friday
55.6,USD,2018-04-02 09:45:00,55.7,accurate,Low,Final Manufacturing PMI,55.7,accurate,14,2018-04-02 13:45:00+00:00,0.18,2018,2,4,Monday
59.3,USD,2018-04-02 10:00:00,60.1,worse,High,ISM Manufacturing PMI,60.8,accurate,14,2018-04-02 14:00:00+00:00,1.33,2018,2,4,Monday
0.1%,USD,2018-04-02 10:00:00,0.4%,worse,Low,Construction Spending m/m,0.0%,accurate,14,2018-04-02 14:00:00+00:00,75.0,2018,2,4,Monday
78.1,USD,2018-04-02 10:00:00,72.5,better,Low,ISM Manufacturing Prices,74.2,accurate,14,2018-04-02 14:00:00+00:00,-7.72,2018,2,4,Monday
52.6,USD,2018-04-03 10:05:00,55.2,worse,Low,IBD/TIPP Economic Optimism,55.6,accurate,14,2018-04-03 14:05:00+00:00,4.71,2018,2,4,Tuesday
17.5M,USD,2018-04-03 01:00:00,16.9M,better,Low,Total Vehicle Sales,17.1M,accurate,14,2018-04-03 05:00:00+00:00,-3.55,2018,2,4,Tuesday
241K,USD,2018-04-04 08:15:00,208K,better,High,ADP Non-Farm Employment Change,246K,better,14,2018-04-04 12:15:00+00:00,-15.87,2018,2,4,Wednesday
54.0,USD,2018-04-04 09:45:00,54.3,accurate,Low,Final Services PMI,54.1,accurate,14,2018-04-04 13:45:00+00:00,0.55,2018,2,4,Wednesday
58.8,USD,2018-04-04 10:00:00,59.0,accurate,High,ISM Non-Manufacturing PMI,59.5,accurate,14,2018-04-04 14:00:00+00:00,0.34,2018,2,4,Wednesday
1.2%,USD,2018-04-04 10:00:00,1.7%,worse,Low,Factory Orders m/m,-1.3%,accurate,14,2018-04-04 14:00:00+00:00,29.41,2018,2,4,Wednesday
-4.6M,USD,2018-04-04 10:30:00,1.4M,accurate,High,Crude Oil Inventories,1.6M,accurate,14,2018-04-04 14:30:00+00:00,428.57,2018,2,4,Wednesday
242K,USD,2018-04-05 08:30:00,225K,worse,Medium,Unemployment Claims,218K,accurate,14,2018-04-05 12:30:00+00:00,-7.56,2018,2,4,Thursday
-57.6B,USD,2018-04-05 08:30:00,-56.9B,accurate,Low,Trade Balance,-56.7B,accurate,14,2018-04-05 12:30:00+00:00,1.23,2018,2,4,Thursday
-29B,USD,2018-04-05 10:30:00,-29B,accurate,Low,Natural Gas Storage,-63B,accurate,14,2018-04-05 14:30:00+00:00,0.0,2018,2,4,Thursday
0.3%,USD,2018-04-06 08:30:00,0.3%,accurate,High,Average Hourly Earnings m/m,0.1%,accurate,14,2018-04-06 12:30:00+00:00,0.0,2018,2,4,Friday
103K,USD,2018-04-06 08:30:00,188K,worse,High,Non-Farm Employment Change,326K,better,14,2018-04-06 12:30:00+00:00,45.21,2018,2,4,Friday
4.1%,USD,2018-04-06 08:30:00,4.0%,worse,High,Unemployment Rate,4.1%,accurate,14,2018-04-06 12:30:00+00:00,-2.5,2018,2,4,Friday
10.6B,USD,2018-04-06 15:00:00,15.3B,worse,Low,Consumer Credit m/m,15.6B,better,14,2018-04-06 19:00:00+00:00,30.72,2018,2,4,Friday
6.4%,USD,2018-03-27 09:00:00,6.1%,better,Low,S&P/CS Composite-20 HPI y/y,6.3%,accurate,13,2018-03-27 13:00:00+00:00,-4.92,2018,1,3,Tuesday
127.7,USD,2018-03-27 10:00:00,131.2,worse,High,CB Consumer Confidence,130.0,worse,13,2018-03-27 14:00:00+00:00,2.67,2018,1,3,Tuesday
15,USD,2018-03-27 10:00:00,23,worse,Low,Richmond Manufacturing Index,28,accurate,13,2018-03-27 14:00:00+00:00,34.78,2018,1,3,Tuesday
2.9%,USD,2018-03-28 08:30:00,2.7%,better,High,Final GDP q/q,2.5%,accurate,13,2018-03-28 12:30:00+00:00,-7.41,2018,1,3,Wednesday
2.3%,USD,2018-03-28 08:30:00,2.3%,accurate,Low,Final GDP Price Index q/q,2.3%,accurate,13,2018-03-28 12:30:00+00:00,0.0,2018,1,3,Wednesday
-75.4B,USD,2018-03-28 08:30:00,-74.4B,worse,Low,Goods Trade Balance,-75.3B,worse,13,2018-03-28 12:30:00+00:00,1.34,2018,1,3,Wednesday
1.1%,USD,2018-03-28 08:30:00,0.6%,worse,Low,Prelim Wholesale Inventories m/m,0.8%,worse,13,2018-03-28 12:30:00+00:00,-83.33,2018,1,3,Wednesday
3.1%,USD,2018-03-28 10:00:00,2.1%,better,Low,Pending Home Sales m/m,-5.0%,worse,13,2018-03-28 14:00:00+00:00,-47.62,2018,1,3,Wednesday
1.6M,USD,2018-03-28 10:30:00,0.5M,accurate,High,Crude Oil Inventories,-2.6M,accurate,13,2018-03-28 14:30:00+00:00,-220.0,2018,1,3,Wednesday
0.2%,USD,2018-03-29 08:30:00,0.2%,accurate,Medium,Core PCE Price Index m/m,0.3%,accurate,13,2018-03-29 12:30:00+00:00,0.0,2018,1,3,Thursday
0.2%,USD,2018-03-29 08:30:00,0.2%,accurate,Medium,Personal Spending m/m,0.2%,accurate,13,2018-03-29 12:30:00+00:00,0.0,2018,1,3,Thursday
215K,USD,2018-03-29 08:30:00,230K,better,Medium,Unemployment Claims,229K,accurate,13,2018-03-29 12:30:00+00:00,6.52,2018,1,3,Thursday
0.4%,USD,2018-03-29 08:30:00,0.4%,accurate,Low,Personal Income m/m,0.4%,accurate,13,2018-03-29 12:30:00+00:00,0.0,2018,1,3,Thursday
57.4,USD,2018-03-29 09:45:00,62.1,worse,Medium,Chicago PMI,61.9,accurate,13,2018-03-29 13:45:00+00:00,7.57,2018,1,3,Thursday
101.4,USD,2018-03-29 10:00:00,101.9,accurate,Medium,Revised UoM Consumer Sentiment,102.0,accurate,13,2018-03-29 14:00:00+00:00,0.49,2018,1,3,Thursday
-63B,USD,2018-03-29 10:30:00,-75B,accurate,Low,Natural Gas Storage,-86B,accurate,13,2018-03-29 14:30:00+00:00,-16.0,2018,1,3,Thursday
-128B,USD,2018-03-21 08:30:00,-125B,worse,Medium,Current Account,-101B,accurate,12,2018-03-21 12:30:00+00:00,2.4,2018,1,3,Wednesday
5.54M,USD,2018-03-21 10:00:00,5.41M,better,Medium,Existing Home Sales,5.38M,accurate,12,2018-03-21 14:00:00+00:00,-2.4,2018,1,3,Wednesday
-2.6M,USD,2018-03-21 10:30:00,2.6M,accurate,High,Crude Oil Inventories,5.0M,accurate,12,2018-03-21 14:30:00+00:00,200.0,2018,1,3,Wednesday
<1.75%,USD,2018-03-21 14:00:00,<1.75%,accurate,High,Federal Funds Rate,<1.50%,accurate,12,2018-03-21 18:00:00+00:00,0.0,2018,1,3,Wednesday
229K,USD,2018-03-22 08:30:00,225K,accurate,Medium,Unemployment Claims,226K,accurate,12,2018-03-22 12:30:00+00:00,-1.78,2018,1,3,Thursday
0.8%,USD,2018-03-22 09:00:00,0.4%,better,Low,HPI m/m,0.4%,better,12,2018-03-22 13:00:00+00:00,-100.0,2018,1,3,Thursday
55.7,USD,2018-03-22 09:45:00,55.4,accurate,Low,Flash Manufacturing PMI,55.3,worse,12,2018-03-22 13:45:00+00:00,-0.54,2018,1,3,Thursday
54.1,USD,2018-03-22 09:45:00,55.9,worse,Low,Flash Services PMI,55.9,accurate,12,2018-03-22 13:45:00+00:00,3.22,2018,1,3,Thursday
0.6%,USD,2018-03-22 10:00:00,0.5%,better,Low,CB Leading Index m/m,0.8%,worse,12,2018-03-22 14:00:00+00:00,-20.0,2018,1,3,Thursday
-86B,USD,2018-03-22 10:30:00,-88B,accurate,Low,Natural Gas Storage,-93B,accurate,12,2018-03-22 14:30:00+00:00,-2.27,2018,1,3,Thursday
1.2%,USD,2018-03-23 08:30:00,0.5%,better,High,Core Durable Goods Orders m/m,-0.2%,accurate,12,2018-03-23 12:30:00+00:00,-140.0,2018,1,3,Friday
3.1%,USD,2018-03-23 08:30:00,1.6%,better,Medium,Durable Goods Orders m/m,-3.6%,accurate,12,2018-03-23 12:30:00+00:00,-93.75,2018,1,3,Friday
618K,USD,2018-03-23 10:00:00,621K,worse,Low,New Home Sales,622K,better,12,2018-03-23 14:00:00+00:00,0.48,2018,1,3,Friday
-215.2B,USD,2018-03-12 14:00:00,-222.3B,better,Low,Federal Budget Balance,49.2B,accurate,11,2018-03-12 18:00:00+00:00,-3.19,2018,1,3,Monday
107.6,USD,2018-03-13 06:00:00,107.1,accurate,Low,NFIB Small Business Index,106.9,accurate,11,2018-03-13 10:00:00+00:00,-0.47,2018,1,3,Tuesday
0.2%,USD,2018-03-13 08:30:00,0.2%,accurate,High,CPI m/m,0.5%,accurate,11,2018-03-13 12:30:00+00:00,0.0,2018,1,3,Tuesday
0.2%,USD,2018-03-13 08:30:00,0.2%,accurate,High,Core CPI m/m,0.3%,accurate,11,2018-03-13 12:30:00+00:00,0.0,2018,1,3,Tuesday
0.2%,USD,2018-03-14 08:30:00,0.4%,worse,High,Core Retail Sales m/m,0.1%,better,11,2018-03-14 12:30:00+00:00,50.0,2018,1,3,Wednesday
0.2%,USD,2018-03-14 08:30:00,0.1%,better,High,PPI m/m,0.4%,accurate,11,2018-03-14 12:30:00+00:00,-100.0,2018,1,3,Wednesday
-0.1%,USD,2018-03-14 08:30:00,0.3%,worse,High,Retail Sales m/m,-0.1%,better,11,2018-03-14 12:30:00+00:00,133.33,2018,1,3,Wednesday
0.2%,USD,2018-03-14 08:30:00,0.2%,accurate,Medium,Core PPI m/m,0.4%,accurate,11,2018-03-14 12:30:00+00:00,0.0,2018,1,3,Wednesday
0.6%,USD,2018-03-14 10:00:00,0.6%,accurate,Low,Business Inventories m/m,0.6%,worse,11,2018-03-14 14:00:00+00:00,0.0,2018,1,3,Wednesday
5.0M,USD,2018-03-14 10:30:00,2.2M,accurate,High,Crude Oil Inventories,2.4M,accurate,11,2018-03-14 14:30:00+00:00,-127.27,2018,1,3,Wednesday
22.5,USD,2018-03-15 08:30:00,14.9,better,Medium,Empire State Manufacturing Index,13.1,accurate,11,2018-03-15 12:30:00+00:00,-51.01,2018,1,3,Thursday
22.3,USD,2018-03-15 08:30:00,23.1,worse,Medium,Philly Fed Manufacturing Index,25.8,accurate,11,2018-03-15 12:30:00+00:00,3.46,2018,1,3,Thursday
226K,USD,2018-03-15 08:30:00,227K,accurate,Medium,Unemployment Claims,230K,accurate,11,2018-03-15 12:30:00+00:00,0.44,2018,1,3,Thursday
0.4%,USD,2018-03-15 08:30:00,0.3%,accurate,Low,Import Prices m/m,0.8%,worse,11,2018-03-15 12:30:00+00:00,-33.33,2018,1,3,Thursday
70,USD,2018-03-15 10:00:00,72,worse,Low,NAHB Housing Market Index,71,worse,11,2018-03-15 14:00:00+00:00,2.78,2018,1,3,Thursday
-93B,USD,2018-03-15 10:30:00,-99B,accurate,Low,Natural Gas Storage,-57B,accurate,11,2018-03-15 14:30:00+00:00,-6.06,2018,1,3,Thursday
62.1B,USD,2018-03-15 16:00:00,35.9B,better,Low,TIC Long-Term Purchases,23.3B,worse,11,2018-03-15 20:00:00+00:00,-72.98,2018,1,3,Thursday
1.30M,USD,2018-03-16 08:30:00,1.32M,accurate,High,Building Permits,1.38M,accurate,11,2018-03-16 12:30:00+00:00,1.52,2018,1,3,Friday
1.24M,USD,2018-03-16 08:30:00,1.29M,worse,Medium,Housing Starts,1.33M,accurate,11,2018-03-16 12:30:00+00:00,3.88,2018,1,3,Friday
78.1%,USD,2018-03-16 09:15:00,77.7%,better,Medium,Capacity Utilization Rate,77.4%,accurate,11,2018-03-16 13:15:00+00:00,-0.51,2018,1,3,Friday
1.1%,USD,2018-03-16 09:15:00,0.3%,better,Medium,Industrial Production m/m,-0.3%,worse,11,2018-03-16 13:15:00+00:00,-266.67,2018,1,3,Friday
102.0,USD,2018-03-16 10:00:00,99.2,better,Medium,Prelim UoM Consumer Sentiment,99.7,accurate,11,2018-03-16 14:00:00+00:00,-2.82,2018,1,3,Friday
6.31M,USD,2018-03-16 10:00:00,5.91M,better,Low,JOLTS Job Openings,5.81M,accurate,11,2018-03-16 14:00:00+00:00,-6.77,2018,1,3,Friday
55.9,USD,2018-03-05 09:45:00,55.9,accurate,Low,Final Services PMI,55.9,accurate,10,2018-03-05 14:45:00+00:00,0.0,2018,1,3,Monday
59.5,USD,2018-03-05 10:00:00,58.9,better,High,ISM Non-Manufacturing PMI,59.9,accurate,10,2018-03-05 15:00:00+00:00,-1.02,2018,1,3,Monday
-1.4%,USD,2018-03-06 10:00:00,-0.4%,worse,Low,Factory Orders m/m,1.8%,accurate,10,2018-03-06 15:00:00+00:00,250.0,2018,1,3,Tuesday
55.6,USD,2018-03-06 10:01:00,58.2,worse,Low,IBD/TIPP Economic Optimism,56.7,accurate,10,2018-03-06 15:00:00+00:00,4.47,2018,1,3,Tuesday
235K,USD,2018-03-07 08:15:00,199K,better,High,ADP Non-Farm Employment Change,244K,better,10,2018-03-07 13:15:00+00:00,-18.09,2018,1,3,Wednesday
0.0%,USD,2018-03-07 08:30:00,-0.1%,accurate,Low,Revised Nonfarm Productivity q/q,-0.1%,accurate,10,2018-03-07 13:30:00+00:00,-100.0,2018,1,3,Wednesday
2.5%,USD,2018-03-07 08:30:00,2.1%,better,Low,Revised Unit Labor Costs q/q,2.0%,accurate,10,2018-03-07 13:30:00+00:00,-19.05,2018,1,3,Wednesday
-56.6B,USD,2018-03-07 08:30:00,-55.1B,worse,Low,Trade Balance,-53.9B,worse,10,2018-03-07 13:30:00+00:00,2.72,2018,1,3,Wednesday
2.4M,USD,2018-03-07 10:30:00,2.6M,accurate,High,Crude Oil Inventories,3.0M,accurate,10,2018-03-07 15:30:00+00:00,7.69,2018,1,3,Wednesday
13.9B,USD,2018-03-07 15:00:00,17.5B,worse,Low,Consumer Credit m/m,19.2B,better,10,2018-03-07 20:00:00+00:00,20.57,2018,1,3,Wednesday
231K,USD,2018-03-08 08:30:00,220K,worse,Medium,Unemployment Claims,210K,accurate,10,2018-03-08 13:30:00+00:00,-5.0,2018,1,3,Thursday
-57B,USD,2018-03-08 10:30:00,-58B,accurate,Low,Natural Gas Storage,-78B,accurate,10,2018-03-08 15:30:00+00:00,-1.72,2018,1,3,Thursday
0.1%,USD,2018-03-09 08:30:00,0.2%,worse,High,Average Hourly Earnings m/m,0.3%,accurate,10,2018-03-09 13:30:00+00:00,50.0,2018,1,3,Friday
313K,USD,2018-03-09 08:30:00,205K,better,High,Non-Farm Employment Change,239K,better,10,2018-03-09 13:30:00+00:00,-52.68,2018,1,3,Friday
4.1%,USD,2018-03-09 08:30:00,4.0%,worse,High,Unemployment Rate,4.1%,accurate,10,2018-03-09 13:30:00+00:00,-2.5,2018,1,3,Friday
0.8%,USD,2018-03-09 10:00:00,0.7%,worse,Low,Final Wholesale Inventories m/m,0.7%,accurate,10,2018-03-09 15:00:00+00:00,-14.29,2018,1,3,Friday
593K,USD,2018-02-26 10:00:00,655K,worse,Medium,New Home Sales,643K,better,9,2018-02-26 15:00:00+00:00,9.47,2018,1,2,Monday
-0.3%,USD,2018-02-27 08:30:00,0.4%,worse,High,Core Durable Goods Orders m/m,0.7%,accurate,9,2018-02-27 13:30:00+00:00,175.0,2018,1,2,Tuesday
-3.7%,USD,2018-02-27 08:30:00,-2.4%,worse,Medium,Durable Goods Orders m/m,2.8%,accurate,9,2018-02-27 13:30:00+00:00,54.17,2018,1,2,Tuesday
-74.4B,USD,2018-02-27 08:30:00,-72.3B,worse,Low,Goods Trade Balance,-72.3B,accurate,9,2018-02-27 13:30:00+00:00,2.9,2018,1,2,Tuesday
0.7%,USD,2018-02-27 08:30:00,0.3%,worse,Low,Prelim Wholesale Inventories m/m,0.4%,worse,9,2018-02-27 13:30:00+00:00,-133.33,2018,1,2,Tuesday
6.3%,USD,2018-02-27 09:00:00,6.3%,accurate,Low,S&P/CS Composite-20 HPI y/y,6.4%,accurate,9,2018-02-27 14:00:00+00:00,0.0,2018,1,2,Tuesday
0.3%,USD,2018-02-27 09:03:00,0.4%,worse,Low,HPI m/m,0.5%,better,9,2018-02-27 14:05:00+00:00,25.0,2018,1,2,Tuesday
130.8,USD,2018-02-27 10:00:00,126.2,better,High,CB Consumer Confidence,124.3,worse,9,2018-02-27 15:00:00+00:00,-3.65,2018,1,2,Tuesday
28,USD,2018-02-27 10:00:00,15,better,Low,Richmond Manufacturing Index,14,accurate,9,2018-02-27 15:00:00+00:00,-86.67,2018,1,2,Tuesday
2.5%,USD,2018-02-28 08:30:00,2.5%,accurate,High,Prelim GDP q/q,2.6%,accurate,9,2018-02-28 13:30:00+00:00,0.0,2018,1,2,Wednesday
2.3%,USD,2018-02-28 08:30:00,2.4%,accurate,Low,Prelim GDP Price Index q/q,2.4%,accurate,9,2018-02-28 13:30:00+00:00,4.17,2018,1,2,Wednesday
61.9,USD,2018-02-28 09:45:00,64.2,worse,Medium,Chicago PMI,65.7,accurate,9,2018-02-28 14:45:00+00:00,3.58,2018,1,2,Wednesday
-4.7%,USD,2018-02-28 10:00:00,0.4%,worse,Medium,Pending Home Sales m/m,0.0%,worse,9,2018-02-28 15:00:00+00:00,1275.0,2018,1,2,Wednesday
3.0M,USD,2018-02-28 10:30:00,2.4M,accurate,High,Crude Oil Inventories,-1.6M,accurate,9,2018-02-28 15:30:00+00:00,-25.0,2018,1,2,Wednesday
0.3%,USD,2018-03-01 08:30:00,0.3%,accurate,Medium,Core PCE Price Index m/m,0.2%,accurate,9,2018-03-01 13:30:00+00:00,0.0,2018,1,3,Thursday
0.2%,USD,2018-03-01 08:30:00,0.2%,accurate,Medium,Personal Spending m/m,0.4%,accurate,9,2018-03-01 13:30:00+00:00,0.0,2018,1,3,Thursday
210K,USD,2018-03-01 08:30:00,226K,better,Medium,Unemployment Claims,220K,accurate,9,2018-03-01 13:30:00+00:00,7.08,2018,1,3,Thursday
0.4%,USD,2018-03-01 08:30:00,0.3%,better,Low,Personal Income m/m,0.4%,accurate,9,2018-03-01 13:30:00+00:00,-33.33,2018,1,3,Thursday
55.3,USD,2018-03-01 09:45:00,55.9,worse,Low,Final Manufacturing PMI,55.9,accurate,9,2018-03-01 14:45:00+00:00,1.07,2018,1,3,Thursday
60.8,USD,2018-03-01 10:00:00,58.7,better,High,ISM Manufacturing PMI,59.1,accurate,9,2018-03-01 15:00:00+00:00,-3.58,2018,1,3,Thursday
0.0%,USD,2018-03-01 10:00:00,0.3%,worse,Low,Construction Spending m/m,0.8%,accurate,9,2018-03-01 15:00:00+00:00,100.0,2018,1,3,Thursday
74.2,USD,2018-03-01 10:00:00,70.5,better,Low,ISM Manufacturing Prices,72.7,accurate,9,2018-03-01 15:00:00+00:00,-5.25,2018,1,3,Thursday
-78B,USD,2018-03-01 10:34:00,-71B,accurate,Low,Natural Gas Storage,-124B,accurate,9,2018-03-01 15:35:00+00:00,9.86,2018,1,3,Thursday
17.1M,USD,2018-03-01 00:00:00,17.2M,accurate,Low,Total Vehicle Sales,17.2M,accurate,9,2018-03-01 05:00:00+00:00,0.58,2018,1,3,Thursday
99.7,USD,2018-03-02 10:00:00,99.4,accurate,Medium,Revised UoM Consumer Sentiment,99.9,accurate,9,2018-03-02 15:00:00+00:00,-0.3,2018,1,3,Friday
55.9,USD,2018-02-21 09:45:00,55.4,better,Low,Flash Manufacturing PMI,55.5,accurate,8,2018-02-21 14:45:00+00:00,-0.9,2018,1,2,Wednesday
55.9,USD,2018-02-21 09:45:00,53.8,better,Low,Flash Services PMI,53.3,accurate,8,2018-02-21 14:45:00+00:00,-3.9,2018,1,2,Wednesday
5.38M,USD,2018-02-21 10:00:00,5.61M,worse,Medium,Existing Home Sales,5.56M,accurate,8,2018-02-21 15:00:00+00:00,4.1,2018,1,2,Wednesday
222K,USD,2018-02-22 08:30:00,230K,better,Medium,Unemployment Claims,229K,accurate,8,2018-02-22 13:30:00+00:00,3.48,2018,1,2,Thursday
1.0%,USD,2018-02-22 10:00:00,0.7%,better,Low,CB Leading Index m/m,0.6%,accurate,8,2018-02-22 15:00:00+00:00,-42.86,2018,1,2,Thursday
-124B,USD,2018-02-22 10:30:00,-121B,accurate,Low,Natural Gas Storage,-194B,accurate,8,2018-02-22 15:30:00+00:00,2.48,2018,1,2,Thursday
-1.6M,USD,2018-02-22 11:00:00,2.2M,accurate,High,Crude Oil Inventories,1.8M,accurate,8,2018-02-22 16:00:00+00:00,172.73,2018,1,2,Thursday
49.2B,USD,2018-02-12 14:00:00,50.2B,accurate,Low,Federal Budget Balance,-23.2B,accurate,7,2018-02-12 19:00:00+00:00,1.99,2018,1,2,Monday
106.9,USD,2018-02-13 06:00:00,106.2,accurate,Low,NFIB Small Business Index,104.9,accurate,7,2018-02-13 11:00:00+00:00,-0.66,2018,1,2,Tuesday
0.5%,USD,2018-02-14 08:30:00,0.3%,better,High,CPI m/m,0.1%,accurate,7,2018-02-14 13:30:00+00:00,-66.67,2018,1,2,Wednesday
0.3%,USD,2018-02-14 08:30:00,0.2%,better,High,Core CPI m/m,0.3%,accurate,7,2018-02-14 13:30:00+00:00,-50.0,2018,1,2,Wednesday
0.0%,USD,2018-02-14 08:30:00,0.5%,worse,High,Core Retail Sales m/m,0.1%,worse,7,2018-02-14 13:30:00+00:00,100.0,2018,1,2,Wednesday
-0.3%,USD,2018-02-14 08:30:00,0.2%,worse,High,Retail Sales m/m,0.0%,worse,7,2018-02-14 13:30:00+00:00,250.0,2018,1,2,Wednesday
0.4%,USD,2018-02-14 10:00:00,0.3%,worse,Low,Business Inventories m/m,0.4%,accurate,7,2018-02-14 15:00:00+00:00,-33.33,2018,1,2,Wednesday
1.8M,USD,2018-02-14 10:30:00,2.8M,accurate,High,Crude Oil Inventories,1.9M,accurate,7,2018-02-14 15:30:00+00:00,35.71,2018,1,2,Wednesday
0.4%,USD,2018-02-15 08:30:00,0.4%,accurate,High,PPI m/m,-0.1%,accurate,7,2018-02-15 13:30:00+00:00,0.0,2018,1,2,Thursday
0.4%,USD,2018-02-15 08:30:00,0.2%,better,Medium,Core PPI m/m,-0.1%,accurate,7,2018-02-15 13:30:00+00:00,-100.0,2018,1,2,Thursday
13.1,USD,2018-02-15 08:30:00,17.7,worse,Medium,Empire State Manufacturing Index,17.7,accurate,7,2018-02-15 13:30:00+00:00,25.99,2018,1,2,Thursday
25.8,USD,2018-02-15 08:30:00,21.5,better,Medium,Philly Fed Manufacturing Index,22.2,accurate,7,2018-02-15 13:30:00+00:00,-20.0,2018,1,2,Thursday
230K,USD,2018-02-15 08:30:00,229K,accurate,Medium,Unemployment Claims,223K,accurate,7,2018-02-15 13:30:00+00:00,-0.44,2018,1,2,Thursday
77.5%,USD,2018-02-15 09:15:00,78.0%,worse,Medium,Capacity Utilization Rate,77.7%,worse,7,2018-02-15 14:15:00+00:00,0.64,2018,1,2,Thursday
-0.1%,USD,2018-02-15 09:15:00,0.2%,worse,Medium,Industrial Production m/m,0.4%,worse,7,2018-02-15 14:15:00+00:00,150.0,2018,1,2,Thursday
72,USD,2018-02-15 10:00:00,72,accurate,Low,NAHB Housing Market Index,72,accurate,7,2018-02-15 15:00:00+00:00,0.0,2018,1,2,Thursday
-194B,USD,2018-02-15 10:30:00,-193B,accurate,Low,Natural Gas Storage,-119B,accurate,7,2018-02-15 15:30:00+00:00,0.52,2018,1,2,Thursday
27.3B,USD,2018-02-15 16:00:00,50.3B,worse,Low,TIC Long-Term Purchases,57.5B,accurate,7,2018-02-15 21:00:00+00:00,45.73,2018,1,2,Thursday
1.40M,USD,2018-02-16 08:30:00,1.29M,better,High,Building Permits,1.30M,accurate,7,2018-02-16 13:30:00+00:00,-8.53,2018,1,2,Friday
1.33M,USD,2018-02-16 08:30:00,1.23M,better,Medium,Housing Starts,1.21M,accurate,7,2018-02-16 13:30:00+00:00,-8.13,2018,1,2,Friday
1.0%,USD,2018-02-16 08:30:00,0.6%,better,Medium,Import Prices m/m,0.2%,accurate,7,2018-02-16 13:30:00+00:00,-66.67,2018,1,2,Friday
99.9,USD,2018-02-16 10:00:00,95.4,better,Medium,Prelim UoM Consumer Sentiment,95.7,better,7,2018-02-16 15:00:00+00:00,-4.72,2018,1,2,Friday
53.3,USD,2018-02-05 09:45:00,53.3,accurate,Low,Final Services PMI,53.3,accurate,6,2018-02-05 14:45:00+00:00,0.0,2018,1,2,Monday
59.9,USD,2018-02-05 10:00:00,56.5,better,High,ISM Non-Manufacturing PMI,55.9,accurate,6,2018-02-05 15:00:00+00:00,-6.02,2018,1,2,Monday
-53.1B,USD,2018-02-06 08:30:00,-52.1B,worse,Low,Trade Balance,-50.4B,accurate,6,2018-02-06 13:30:00+00:00,1.92,2018,1,2,Tuesday
5.81M,USD,2018-02-06 10:00:00,5.95M,worse,Low,JOLTS Job Openings,5.98M,better,6,2018-02-06 15:00:00+00:00,2.35,2018,1,2,Tuesday
56.7,USD,2018-02-06 10:01:00,55.4,better,Low,IBD/TIPP Economic Optimism,55.1,accurate,6,2018-02-06 15:00:00+00:00,-2.35,2018,1,2,Tuesday
1.9M,USD,2018-02-07 10:30:00,3.2M,accurate,High,Crude Oil Inventories,6.8M,accurate,6,2018-02-07 15:30:00+00:00,40.63,2018,1,2,Wednesday
18.4B,USD,2018-02-07 15:00:00,19.9B,worse,Low,Consumer Credit m/m,31.0B,better,6,2018-02-07 20:00:00+00:00,7.54,2018,1,2,Wednesday
221K,USD,2018-02-08 08:30:00,232K,better,Medium,Unemployment Claims,230K,accurate,6,2018-02-08 13:30:00+00:00,4.74,2018,1,2,Thursday
-119B,USD,2018-02-08 10:30:00,-116B,accurate,Low,Natural Gas Storage,-99B,accurate,6,2018-02-08 15:30:00+00:00,2.59,2018,1,2,Thursday
0.4%,USD,2018-02-09 10:00:00,0.2%,worse,Low,Final Wholesale Inventories m/m,0.2%,accurate,6,2018-02-09 15:00:00+00:00,-100.0,2018,1,2,Friday
0.2%,USD,2018-01-29 08:30:00,0.2%,accurate,Medium,Core PCE Price Index m/m,0.1%,accurate,5,2018-01-29 13:30:00+00:00,0.0,2018,1,1,Monday
0.4%,USD,2018-01-29 08:30:00,0.5%,worse,Medium,Personal Spending m/m,0.8%,better,5,2018-01-29 13:30:00+00:00,20.0,2018,1,1,Monday
0.4%,USD,2018-01-29 08:30:00,0.3%,better,Low,Personal Income m/m,0.3%,accurate,5,2018-01-29 13:30:00+00:00,-33.33,2018,1,1,Monday
6.4%,USD,2018-01-30 09:00:00,6.3%,accurate,Low,S&P/CS Composite-20 HPI y/y,6.3%,accurate,5,2018-01-30 14:00:00+00:00,-1.59,2018,1,1,Tuesday
125.4,USD,2018-01-30 10:00:00,123.2,better,High,CB Consumer Confidence,123.1,better,5,2018-01-30 15:00:00+00:00,-1.79,2018,1,1,Tuesday
234K,USD,2018-01-31 08:15:00,186K,better,High,ADP Non-Farm Employment Change,242K,worse,5,2018-01-31 13:15:00+00:00,-25.81,2018,1,1,Wednesday
0.6%,USD,2018-01-31 08:30:00,0.6%,accurate,Medium,Employment Cost Index q/q,0.7%,accurate,5,2018-01-31 13:30:00+00:00,0.0,2018,1,1,Wednesday
65.7,USD,2018-01-31 09:45:00,64.2,better,Medium,Chicago PMI,67.6,accurate,5,2018-01-31 14:45:00+00:00,-2.34,2018,1,1,Wednesday
0.5%,USD,2018-01-31 10:00:00,0.5%,accurate,Medium,Pending Home Sales m/m,0.3%,accurate,5,2018-01-31 15:00:00+00:00,0.0,2018,1,1,Wednesday
6.8M,USD,2018-01-31 10:30:00,0.1M,accurate,High,Crude Oil Inventories,-1.1M,accurate,5,2018-01-31 15:30:00+00:00,-6700.0,2018,1,1,Wednesday
<1.50%,USD,2018-01-31 14:00:00,<1.50%,accurate,High,Federal Funds Rate,<1.50%,accurate,5,2018-01-31 19:00:00+00:00,0.0,2018,1,1,Wednesday
-0.1%,USD,2018-02-01 08:30:00,0.8%,better,Medium,Prelim Nonfarm Productivity q/q,2.7%,better,5,2018-02-01 13:30:00+00:00,112.5,2018,1,2,Thursday
2.0%,USD,2018-02-01 08:30:00,0.9%,better,Medium,Prelim Unit Labor Costs q/q,-0.2%,worse,5,2018-02-01 13:30:00+00:00,-122.22,2018,1,2,Thursday
230K,USD,2018-02-01 08:30:00,237K,better,Medium,Unemployment Claims,231K,accurate,5,2018-02-01 13:30:00+00:00,2.95,2018,1,2,Thursday
55.5,USD,2018-02-01 09:45:00,55.5,accurate,Low,Final Manufacturing PMI,55.5,accurate,5,2018-02-01 14:45:00+00:00,0.0,2018,1,2,Thursday
59.1,USD,2018-02-01 10:00:00,58.7,better,High,ISM Manufacturing PMI,59.7,accurate,5,2018-02-01 15:00:00+00:00,-0.68,2018,1,2,Thursday
0.7%,USD,2018-02-01 10:00:00,0.4%,better,Low,Construction Spending m/m,0.6%,accurate,5,2018-02-01 15:00:00+00:00,-75.0,2018,1,2,Thursday
72.7,USD,2018-02-01 10:00:00,68.3,better,Low,ISM Manufacturing Prices,69.0,accurate,5,2018-02-01 15:00:00+00:00,-6.44,2018,1,2,Thursday
-99B,USD,2018-02-01 10:30:00,-102B,accurate,Low,Natural Gas Storage,-288B,accurate,5,2018-02-01 15:30:00+00:00,-2.94,2018,1,2,Thursday
17.2M,USD,2018-02-01 00:00:00,17.2M,accurate,Low,Total Vehicle Sales,17.9M,accurate,5,2018-02-01 05:00:00+00:00,0.0,2018,1,2,Thursday
0.3%,USD,2018-02-02 08:30:00,0.2%,better,High,Average Hourly Earnings m/m,0.4%,better,5,2018-02-02 13:30:00+00:00,-50.0,2018,1,2,Friday
200K,USD,2018-02-02 08:30:00,181K,better,High,Non-Farm Employment Change,160K,better,5,2018-02-02 13:30:00+00:00,-10.5,2018,1,2,Friday
4.1%,USD,2018-02-02 08:30:00,4.1%,accurate,High,Unemployment Rate,4.1%,accurate,5,2018-02-02 13:30:00+00:00,0.0,2018,1,2,Friday
95.7,USD,2018-02-02 10:00:00,95.0,better,Medium,Revised UoM Consumer Sentiment,94.4,accurate,5,2018-02-02 15:00:00+00:00,-0.74,2018,1,2,Friday
1.7%,USD,2018-02-02 10:00:00,1.5%,better,Low,Factory Orders m/m,1.7%,better,5,2018-02-02 15:00:00+00:00,-13.33,2018,1,2,Friday
14,USD,2018-01-23 09:59:00,19,worse,Low,Richmond Manufacturing Index,20,accurate,4,2018-01-23 15:00:00+00:00,26.32,2018,1,1,Tuesday
0.4%,USD,2018-01-24 09:00:00,0.4%,accurate,Low,HPI m/m,0.6%,better,4,2018-01-24 14:00:00+00:00,0.0,2018,1,1,Wednesday
55.5,USD,2018-01-24 09:45:00,55.2,accurate,Low,Flash Manufacturing PMI,55.1,accurate,4,2018-01-24 14:45:00+00:00,-0.54,2018,1,1,Wednesday
53.3,USD,2018-01-24 09:45:00,54.5,worse,Low,Flash Services PMI,53.7,better,4,2018-01-24 14:45:00+00:00,2.2,2018,1,1,Wednesday
5.57M,USD,2018-01-24 10:00:00,5.72M,worse,Medium,Existing Home Sales,5.78M,worse,4,2018-01-24 15:00:00+00:00,2.62,2018,1,1,Wednesday
-1.1M,USD,2018-01-24 10:30:00,-1.0M,accurate,High,Crude Oil Inventories,-6.9M,accurate,4,2018-01-24 15:30:00+00:00,10.0,2018,1,1,Wednesday
233K,USD,2018-01-25 08:30:00,239K,better,Medium,Unemployment Claims,216K,accurate,4,2018-01-25 13:30:00+00:00,2.51,2018,1,1,Thursday
625K,USD,2018-01-25 10:00:00,679K,worse,Medium,New Home Sales,689K,worse,4,2018-01-25 15:00:00+00:00,7.95,2018,1,1,Thursday
0.6%,USD,2018-01-25 10:00:00,0.5%,better,Low,CB Leading Index m/m,0.4%,accurate,4,2018-01-25 15:00:00+00:00,-20.0,2018,1,1,Thursday
-288B,USD,2018-01-25 10:30:00,-270B,accurate,Low,Natural Gas Storage,-183B,accurate,4,2018-01-25 15:30:00+00:00,6.67,2018,1,1,Thursday
2.6%,USD,2018-01-26 08:30:00,3.0%,worse,High,Advance GDP q/q,3.2%,better,4,2018-01-26 13:30:00+00:00,13.33,2018,1,1,Friday
0.6%,USD,2018-01-26 08:30:00,0.5%,accurate,High,Core Durable Goods Orders m/m,0.3%,better,4,2018-01-26 13:30:00+00:00,-20.0,2018,1,1,Friday
2.4%,USD,2018-01-26 08:30:00,2.3%,accurate,Medium,Advance GDP Price Index q/q,2.1%,accurate,4,2018-01-26 13:30:00+00:00,-4.35,2018,1,1,Friday
2.9%,USD,2018-01-26 08:30:00,0.9%,better,Medium,Durable Goods Orders m/m,1.7%,better,4,2018-01-26 13:30:00+00:00,-222.22,2018,1,1,Friday
-71.6B,USD,2018-01-26 08:30:00,-68.6B,worse,Low,Goods Trade Balance,-70.0B,accurate,4,2018-01-26 13:30:00+00:00,4.37,2018,1,1,Friday
0.2%,USD,2018-01-26 08:30:00,0.4%,better,Low,Prelim Wholesale Inventories m/m,0.8%,worse,4,2018-01-26 13:30:00+00:00,50.0,2018,1,1,Friday
17.7,USD,2018-01-16 08:30:00,18.5,worse,Medium,Empire State Manufacturing Index,18.0,accurate,3,2018-01-16 13:30:00+00:00,4.32,2018,1,1,Tuesday
77.9%,USD,2018-01-17 09:15:00,77.3%,better,Medium,Capacity Utilization Rate,77.2%,accurate,3,2018-01-17 14:15:00+00:00,-0.78,2018,1,1,Wednesday
0.9%,USD,2018-01-17 09:15:00,0.4%,better,Medium,Industrial Production m/m,-0.1%,worse,3,2018-01-17 14:15:00+00:00,-125.0,2018,1,1,Wednesday
72,USD,2018-01-17 10:00:00,73,worse,Low,NAHB Housing Market Index,74,accurate,3,2018-01-17 15:00:00+00:00,1.37,2018,1,1,Wednesday
57.5B,USD,2018-01-17 16:00:00,50.1B,better,Low,TIC Long-Term Purchases,26.2B,better,3,2018-01-17 21:00:00+00:00,-14.77,2018,1,1,Wednesday
1.30M,USD,2018-01-18 08:30:00,1.29M,accurate,High,Building Permits,1.30M,accurate,3,2018-01-18 13:30:00+00:00,-0.78,2018,1,1,Thursday
1.19M,USD,2018-01-18 08:30:00,1.28M,worse,Medium,Housing Starts,1.30M,accurate,3,2018-01-18 13:30:00+00:00,7.03,2018,1,1,Thursday
22.2,USD,2018-01-18 08:30:00,24.9,worse,Medium,Philly Fed Manufacturing Index,26.2,accurate,3,2018-01-18 13:30:00+00:00,10.84,2018,1,1,Thursday
220K,USD,2018-01-18 08:30:00,250K,better,Medium,Unemployment Claims,261K,accurate,3,2018-01-18 13:30:00+00:00,12.0,2018,1,1,Thursday
-183B,USD,2018-01-18 10:30:00,-201B,accurate,Low,Natural Gas Storage,-359B,accurate,3,2018-01-18 15:30:00+00:00,-8.96,2018,1,1,Thursday
-6.9M,USD,2018-01-18 11:00:00,-1.4M,accurate,High,Crude Oil Inventories,-4.9M,accurate,3,2018-01-18 16:00:00+00:00,392.86,2018,1,1,Thursday
94.4,USD,2018-01-19 10:00:00,97.0,worse,Medium,Prelim UoM Consumer Sentiment,95.9,worse,3,2018-01-19 15:00:00+00:00,2.68,2018,1,1,Friday
28.0B,USD,2018-01-08 15:00:00,17.8B,better,Low,Consumer Credit m/m,20.5B,accurate,2,2018-01-08 20:00:00+00:00,-57.3,2018,1,1,Monday
104.9,USD,2018-01-09 06:00:00,108.4,worse,Low,NFIB Small Business Index,107.5,accurate,2,2018-01-09 11:00:00+00:00,3.23,2018,1,1,Tuesday
5.88M,USD,2018-01-09 10:00:00,6.05M,worse,Low,JOLTS Job Openings,5.93M,worse,2,2018-01-09 15:00:00+00:00,2.81,2018,1,1,Tuesday
0.1%,USD,2018-01-10 08:30:00,0.4%,worse,Medium,Import Prices m/m,0.8%,accurate,2,2018-01-10 13:30:00+00:00,75.0,2018,1,1,Wednesday
0.8%,USD,2018-01-10 10:00:00,0.7%,worse,Low,Final Wholesale Inventories m/m,0.7%,accurate,2,2018-01-10 15:00:00+00:00,-14.29,2018,1,1,Wednesday
-4.9M,USD,2018-01-10 10:30:00,-3.9M,accurate,High,Crude Oil Inventories,-7.4M,accurate,2,2018-01-10 15:30:00+00:00,25.64,2018,1,1,Wednesday
-0.1%,USD,2018-01-11 08:30:00,0.2%,worse,High,PPI m/m,0.4%,accurate,2,2018-01-11 13:30:00+00:00,150.0,2018,1,1,Thursday
-0.1%,USD,2018-01-11 08:30:00,0.2%,worse,Medium,Core PPI m/m,0.3%,accurate,2,2018-01-11 13:30:00+00:00,150.0,2018,1,1,Thursday
261K,USD,2018-01-11 08:30:00,246K,worse,Medium,Unemployment Claims,250K,accurate,2,2018-01-11 13:30:00+00:00,-6.1,2018,1,1,Thursday
-359B,USD,2018-01-11 10:30:00,-318B,accurate,Low,Natural Gas Storage,-206B,accurate,2,2018-01-11 15:30:00+00:00,12.89,2018,1,1,Thursday
-23.2B,USD,2018-01-11 14:00:00,-34.5B,better,Low,Federal Budget Balance,-138.5B,accurate,2,2018-01-11 19:00:00+00:00,-32.75,2018,1,1,Thursday
0.1%,USD,2018-01-12 08:30:00,0.1%,accurate,High,CPI m/m,0.4%,accurate,2,2018-01-12 13:30:00+00:00,0.0,2018,1,1,Friday
0.3%,USD,2018-01-12 08:30:00,0.2%,better,High,Core CPI m/m,0.1%,accurate,2,2018-01-12 13:30:00+00:00,-50.0,2018,1,1,Friday
0.4%,USD,2018-01-12 08:30:00,0.3%,better,High,Core Retail Sales m/m,1.3%,better,2,2018-01-12 13:30:00+00:00,-33.33,2018,1,1,Friday
0.4%,USD,2018-01-12 08:30:00,0.5%,worse,High,Retail Sales m/m,0.9%,better,2,2018-01-12 13:30:00+00:00,20.0,2018,1,1,Friday
55.1,USD,2018-01-12 09:59:00,52.3,better,Low,IBD/TIPP Economic Optimism,51.9,accurate,2,2018-01-12 15:00:00+00:00,-5.35,2018,1,1,Friday
0.4%,USD,2018-01-12 10:00:00,0.4%,accurate,Low,Business Inventories m/m,0.0%,worse,2,2018-01-12 15:00:00+00:00,0.0,2018,1,1,Friday
55.1,USD,2018-01-02 09:45:00,55.0,accurate,Low,Final Manufacturing PMI,55.0,accurate,1,2018-01-02 14:45:00+00:00,-0.18,2018,1,1,Tuesday
59.7,USD,2018-01-03 10:00:00,58.1,better,High,ISM Manufacturing PMI,58.2,accurate,1,2018-01-03 15:00:00+00:00,-2.75,2018,1,1,Wednesday
0.8%,USD,2018-01-03 10:00:00,0.6%,accurate,Low,Construction Spending m/m,0.9%,worse,1,2018-01-03 15:00:00+00:00,-33.33,2018,1,1,Wednesday
69.0,USD,2018-01-03 10:00:00,64.8,better,Low,ISM Manufacturing Prices,65.5,accurate,1,2018-01-03 15:00:00+00:00,-6.48,2018,1,1,Wednesday
17.9M,USD,2018-01-03 00:00:00,17.5M,better,Low,Total Vehicle Sales,17.5M,accurate,1,2018-01-03 05:00:00+00:00,-2.29,2018,1,1,Wednesday
250K,USD,2018-01-04 08:15:00,191K,better,High,ADP Non-Farm Employment Change,185K,accurate,1,2018-01-04 13:15:00+00:00,-30.89,2018,1,1,Thursday
250K,USD,2018-01-04 08:30:00,241K,worse,High,Unemployment Claims,247K,accurate,1,2018-01-04 13:30:00+00:00,-3.73,2018,1,1,Thursday
53.7,USD,2018-01-04 09:45:00,52.4,better,Low,Final Services PMI,52.4,accurate,1,2018-01-04 14:45:00+00:00,-2.48,2018,1,1,Thursday
-206B,USD,2018-01-04 10:30:00,-221B,accurate,Low,Natural Gas Storage,-112B,accurate,1,2018-01-04 15:30:00+00:00,-6.79,2018,1,1,Thursday
-7.4M,USD,2018-01-04 11:00:00,-5.2M,accurate,High,Crude Oil Inventories,-4.6M,accurate,1,2018-01-04 16:00:00+00:00,42.31,2018,1,1,Thursday
0.3%,USD,2018-01-05 08:30:00,0.3%,accurate,High,Average Hourly Earnings m/m,0.1%,worse,1,2018-01-05 13:30:00+00:00,0.0,2018,1,1,Friday
148K,USD,2018-01-05 08:30:00,190K,worse,High,Non-Farm Employment Change,252K,better,1,2018-01-05 13:30:00+00:00,22.11,2018,1,1,Friday
4.1%,USD,2018-01-05 08:30:00,4.1%,accurate,High,Unemployment Rate,4.1%,accurate,1,2018-01-05 13:30:00+00:00,0.0,2018,1,1,Friday
-50.5B,USD,2018-01-05 08:30:00,-49.7B,worse,Low,Trade Balance,-48.9B,accurate,1,2018-01-05 13:30:00+00:00,1.61,2018,1,1,Friday
55.9,USD,2018-01-05 10:00:00,57.6,worse,High,ISM Non-Manufacturing PMI,57.4,accurate,1,2018-01-05 15:00:00+00:00,2.95,2018,1,1,Friday
1.3%,USD,2018-01-05 10:00:00,1.1%,better,Low,Factory Orders m/m,0.4%,better,1,2018-01-05 15:00:00+00:00,-18.18,2018,1,1,Friday
